<archimate:ArchimateDiagramModel
    xmlns:xsi="http://www.w3.org/2001/XMLSchema-instance"
    xmlns:archimate="http://www.archimatetool.com/archimate"
    name="Service Realisation View"
    id="4025"
    viewpoint="16">
  <children
      xsi:type="archimate:DiagramModelArchimateObject"
      id="4038"
      targetConnections="4053"
      fillColor="#0080c0">
    <sourceConnections
        xsi:type="archimate:DiagramModelArchimateConnection"
        id="4050"
        source="4038"
        target="4034">
      <archimateRelationship
          xsi:type="archimate:ServingRelationship"
          href="ServingRelationship_1297.xml#1297"/>
    </sourceConnections>
    <bounds
        x="388"
        y="130"
        width="103"
        height="60"/>
    <archimateElement
        xsi:type="archimate:BusinessService"
        href="BusinessService_1214.xml#1214"/>
  </children>
  <children
      xsi:type="archimate:DiagramModelArchimateObject"
      id="4039"
      targetConnections="4052"
      fillColor="#0080c0">
    <sourceConnections
        xsi:type="archimate:DiagramModelArchimateConnection"
        id="4051"
        source="4039"
        target="4034">
      <archimateRelationship
          xsi:type="archimate:ServingRelationship"
          href="ServingRelationship_1299.xml#1299"/>
    </sourceConnections>
    <bounds
        x="540"
        y="130"
        width="100"
        height="60"/>
    <archimateElement
        xsi:type="archimate:BusinessService"
        href="BusinessService_1208.xml#1208"/>
  </children>
  <children
      xsi:type="archimate:DiagramModelArchimateObject"
      id="4041">
    <sourceConnections
        xsi:type="archimate:DiagramModelArchimateConnection"
        id="4045"
        source="4041"
        target="4042">
      <archimateRelationship
          xsi:type="archimate:TriggeringRelationship"
          href="TriggeringRelationship_1333.xml#1333"/>
    </sourceConnections>
    <sourceConnections
        xsi:type="archimate:DiagramModelArchimateConnection"
        id="4054"
        source="4041"
        target="4037">
      <archimateRelationship
          xsi:type="archimate:RealizationRelationship"
          href="RealizationRelationship_1325.xml#1325"/>
    </sourceConnections>
    <sourceConnections
        xsi:type="archimate:DiagramModelArchimateConnection"
        id="4055"
        source="4041"
        target="4036">
      <archimateRelationship
          xsi:type="archimate:RealizationRelationship"
          href="RealizationRelationship_1323.xml#1323"/>
    </sourceConnections>
    <bounds
        x="160"
        y="230"
        width="190"
        height="60"/>
    <archimateElement
        xsi:type="archimate:BusinessProcess"
        href="BusinessProcess_556.xml#556"/>
  </children>
  <children
      xsi:type="archimate:DiagramModelArchimateObject"
      id="4037"
      targetConnections="4054"
      fillColor="#0080c0">
    <sourceConnections
        xsi:type="archimate:DiagramModelArchimateConnection"
        id="4049"
        source="4037"
        target="4034">
      <archimateRelationship
          xsi:type="archimate:ServingRelationship"
          href="ServingRelationship_1295.xml#1295"/>
    </sourceConnections>
    <bounds
        x="270"
        y="130"
        width="100"
        height="60"/>
    <archimateElement
        xsi:type="archimate:BusinessService"
        href="BusinessService_1226.xml#1226"/>
  </children>
  <children
      xsi:type="archimate:DiagramModelArchimateObject"
      id="4035"
      targetConnections="4044"
      fillColor="#0080c0">
    <sourceConnections
        xsi:type="archimate:DiagramModelArchimateConnection"
        id="4047"
        source="4035"
        target="4034">
      <archimateRelationship
          xsi:type="archimate:ServingRelationship"
          href="ServingRelationship_1282.xml#1282"/>
    </sourceConnections>
    <bounds
        x="28"
        y="130"
        width="103"
        height="60"/>
    <archimateElement
        xsi:type="archimate:BusinessService"
        href="BusinessService_1196.xml#1196"/>
  </children>
  <children
      xsi:type="archimate:DiagramModelArchimateObject"
      id="4042"
      targetConnections="4045">
    <sourceConnections
        xsi:type="archimate:DiagramModelArchimateConnection"
        id="4046"
        source="4042"
        target="4043">
      <archimateRelationship
          xsi:type="archimate:TriggeringRelationship"
          href="TriggeringRelationship_1335.xml#1335"/>
    </sourceConnections>
    <sourceConnections
        xsi:type="archimate:DiagramModelArchimateConnection"
        id="4053"
        source="4042"
        target="4038">
      <archimateRelationship
          xsi:type="archimate:RealizationRelationship"
          href="RealizationRelationship_1327.xml#1327"/>
    </sourceConnections>
    <bounds
        x="371"
        y="230"
        width="137"
        height="60"/>
    <archimateElement
        xsi:type="archimate:BusinessProcess"
        href="BusinessProcess_1302.xml#1302"/>
  </children>
  <children
      xsi:type="archimate:DiagramModelArchimateObject"
      id="4043"
      targetConnections="4046">
    <sourceConnections
        xsi:type="archimate:DiagramModelArchimateConnection"
        id="4052"
        source="4043"
        target="4039">
      <archimateRelationship
          xsi:type="archimate:RealizationRelationship"
          href="RealizationRelationship_1329.xml#1329"/>
    </sourceConnections>
    <bounds
        x="530"
        y="230"
        width="120"
        height="60"/>
    <archimateElement
        xsi:type="archimate:BusinessProcess"
        href="BusinessProcess_1311.xml#1311"/>
  </children>
  <children
      xsi:type="archimate:DiagramModelArchimateObject"
      id="4034"
      targetConnections="4047 4050 4051 4049 4048">
    <bounds
        x="30"
        y="20"
        width="610"
        height="60"/>
    <archimateElement
        xsi:type="archimate:BusinessRole"
        href="BusinessRole_521.xml#521"/>
  </children>
  <children
      xsi:type="archimate:DiagramModelArchimateObject"
      id="4040">
    <sourceConnections
        xsi:type="archimate:DiagramModelArchimateConnection"
        id="4044"
        source="4040"
        target="4035">
      <archimateRelationship
          xsi:type="archimate:RealizationRelationship"
          href="RealizationRelationship_1321.xml#1321"/>
    </sourceConnections>
    <bounds
        x="17"
        y="230"
        width="125"
        height="60"/>
    <archimateElement
        xsi:type="archimate:BusinessProcess"
        href="BusinessProcess_596.xml#596"/>
  </children>
  <children
      xsi:type="archimate:DiagramModelArchimateObject"
      id="4036"
      targetConnections="4055"
      fillColor="#0080c0">
    <sourceConnections
        xsi:type="archimate:DiagramModelArchimateConnection"
        id="4048"
        source="4036"
        target="4034">
      <archimateRelationship
          xsi:type="archimate:ServingRelationship"
          href="ServingRelationship_1293.xml#1293"/>
    </sourceConnections>
    <bounds
        x="141"
        y="130"
        width="109"
        height="60"/>
    <archimateElement
        xsi:type="archimate:BusinessService"
        href="BusinessService_1202.xml#1202"/>
  </children>
</archimate:ArchimateDiagramModel>
