<archimate:ArchimateDiagramModel
    xmlns:xsi="http://www.w3.org/2001/XMLSchema-instance"
    xmlns:archimate="http://www.archimatetool.com/archimate"
    name="Application Behaviour View"
    id="3865"
    viewpoint="2">
  <children
      xsi:type="archimate:DiagramModelArchimateObject"
      id="3885"
      targetConnections="3890"
      fillColor="#00ffff">
    <bounds
        x="80"
        y="360"
        width="120"
        height="60"/>
    <archimateElement
        xsi:type="archimate:DataObject"
        href="DataObject_946.xml#946"/>
  </children>
  <children
      xsi:type="archimate:DiagramModelArchimateObject"
      id="3884"
      targetConnections="3892"
      fillColor="#00ffff">
    <bounds
        x="390"
        y="360"
        width="100"
        height="60"/>
    <archimateElement
        xsi:type="archimate:DataObject"
        href="DataObject_838.xml#838"/>
  </children>
  <children
      xsi:type="archimate:DiagramModelArchimateObject"
      id="3874"
      fillColor="#0080c0">
    <sourceConnections
        xsi:type="archimate:DiagramModelArchimateConnection"
        id="3889"
        source="3874"
        target="3882">
      <archimateRelationship
          xsi:type="archimate:RealizationRelationship"
          href="RealizationRelationship_943.xml#943"/>
    </sourceConnections>
    <bounds
        x="10"
        y="130"
        width="700"
        height="160"/>
    <children
        xsi:type="archimate:DiagramModelArchimateObject"
        id="3876"
        fillColor="#8080ff">
      <bounds
          x="50"
          y="60"
          width="620"
          height="80"/>
      <children
          xsi:type="archimate:DiagramModelArchimateObject"
          id="3881"
          targetConnections="3888">
        <sourceConnections
            xsi:type="archimate:DiagramModelArchimateConnection"
            id="3891"
            source="3881"
            target="3883">
          <archimateRelationship
              xsi:type="archimate:AccessRelationship"
              href="AccessRelationship_974.xml#974"/>
        </sourceConnections>
        <bounds
            x="470"
            y="20"
            width="120"
            height="50"/>
        <archimateElement
            xsi:type="archimate:ApplicationFunction"
            href="ApplicationFunction_909.xml#909"/>
      </children>
      <children
          xsi:type="archimate:DiagramModelArchimateObject"
          id="3878">
        <sourceConnections
            xsi:type="archimate:DiagramModelArchimateConnection"
            id="3886"
            source="3878"
            target="3879">
          <archimateRelationship
              xsi:type="archimate:TriggeringRelationship"
              href="TriggeringRelationship_930.xml#930"/>
        </sourceConnections>
        <sourceConnections
            xsi:type="archimate:DiagramModelArchimateConnection"
            id="3890"
            source="3878"
            target="3885">
          <archimateRelationship
              xsi:type="archimate:AccessRelationship"
              href="AccessRelationship_976.xml#976"/>
        </sourceConnections>
        <bounds
            x="18"
            y="20"
            width="123"
            height="50"/>
        <archimateElement
            xsi:type="archimate:ApplicationFunction"
            href="ApplicationFunction_891.xml#891"/>
      </children>
      <children
          xsi:type="archimate:DiagramModelArchimateObject"
          id="3879"
          targetConnections="3886">
        <sourceConnections
            xsi:type="archimate:DiagramModelArchimateConnection"
            id="3887"
            source="3879"
            target="3880">
          <archimateRelationship
              xsi:type="archimate:TriggeringRelationship"
              href="TriggeringRelationship_932.xml#932"/>
        </sourceConnections>
        <bounds
            x="170"
            y="20"
            width="120"
            height="50"/>
        <archimateElement
            xsi:type="archimate:ApplicationFunction"
            href="ApplicationFunction_897.xml#897"/>
      </children>
      <children
          xsi:type="archimate:DiagramModelArchimateObject"
          id="3880"
          targetConnections="3887">
        <sourceConnections
            xsi:type="archimate:DiagramModelArchimateConnection"
            id="3888"
            source="3880"
            target="3881">
          <archimateRelationship
              xsi:type="archimate:TriggeringRelationship"
              href="TriggeringRelationship_934.xml#934"/>
        </sourceConnections>
        <sourceConnections
            xsi:type="archimate:DiagramModelArchimateConnection"
            id="3892"
            source="3880"
            target="3884">
          <archimateRelationship
              xsi:type="archimate:AccessRelationship"
              href="AccessRelationship_972.xml#972"/>
        </sourceConnections>
        <bounds
            x="320"
            y="20"
            width="120"
            height="50"/>
        <archimateElement
            xsi:type="archimate:ApplicationFunction"
            href="ApplicationFunction_903.xml#903"/>
      </children>
      <archimateElement
          xsi:type="archimate:ApplicationFunction"
          href="ApplicationFunction_885.xml#885"/>
    </children>
    <archimateElement
        xsi:type="archimate:ApplicationComponent"
        href="ApplicationComponent_843.xml#843"/>
  </children>
  <children
      xsi:type="archimate:DiagramModelArchimateObject"
      id="3883"
      targetConnections="3891"
      fillColor="#00ffff">
    <bounds
        x="530"
        y="360"
        width="120"
        height="60"/>
    <archimateElement
        xsi:type="archimate:DataObject"
        href="DataObject_837.xml#837"/>
  </children>
  <children
      xsi:type="archimate:DiagramModelArchimateObject"
      id="3882"
      targetConnections="3889">
    <bounds
        x="300"
        y="30"
        width="120"
        height="60"/>
    <archimateElement
        xsi:type="archimate:ApplicationService"
        href="ApplicationService_935.xml#935"/>
  </children>
</archimate:ArchimateDiagramModel>
