<archimate:ArchimateDiagramModel
    xmlns:xsi="http://www.w3.org/2001/XMLSchema-instance"
    xmlns:archimate="http://www.archimatetool.com/archimate"
    name="Organisation Structure View"
    id="3698"
    viewpoint="15">
  <children
      xsi:type="archimate:DiagramModelArchimateObject"
      id="3707"
      font="1|Arial|14.0|0|WINDOWS|1|0|0|0|0|0|0|0|0|1|0|0|0|0|Arial"
      fillColor="#ffff80">
    <bounds
        x="20"
        y="20"
        width="440"
        height="500"/>
    <children
        xsi:type="archimate:DiagramModelArchimateObject"
        id="3720"
        fillColor="#ff8040">
      <bounds
          x="300"
          y="310"
          width="120"
          height="60"/>
      <archimateElement
          xsi:type="archimate:BusinessActor"
          href="BusinessActor_345.xml#345"/>
    </children>
    <children
        xsi:type="archimate:DiagramModelArchimateObject"
        id="3721"
        fillColor="#ff8040">
      <bounds
          x="150"
          y="310"
          width="140"
          height="60"/>
      <archimateElement
          xsi:type="archimate:BusinessActor"
          href="BusinessActor_338.xml#338"/>
    </children>
    <children
        xsi:type="archimate:DiagramModelArchimateObject"
        id="3709">
      <bounds
          x="20"
          y="50"
          width="400"
          height="100"/>
      <children
          xsi:type="archimate:DiagramModelArchimateObject"
          id="3712">
        <bounds
            x="215"
            y="20"
            width="169"
            height="60"/>
        <archimateElement
            xsi:type="archimate:BusinessActor"
            href="BusinessActor_289.xml#289"/>
      </children>
      <children
          xsi:type="archimate:DiagramModelArchimateObject"
          id="3711">
        <bounds
            x="12"
            y="20"
            width="155"
            height="60"/>
        <archimateElement
            xsi:type="archimate:BusinessActor"
            href="BusinessActor_282.xml#282"/>
      </children>
      <archimateElement
          xsi:type="archimate:BusinessActor"
          href="BusinessActor_296.xml#296"/>
    </children>
    <children
        xsi:type="archimate:DiagramModelArchimateObject"
        id="3718"
        fillColor="#ff8040">
      <bounds
          x="20"
          y="310"
          width="120"
          height="60"/>
      <archimateElement
          xsi:type="archimate:BusinessActor"
          href="BusinessActor_331.xml#331"/>
    </children>
    <children
        xsi:type="archimate:DiagramModelArchimateObject"
        id="3719"
        fillColor="#808040">
      <bounds
          x="20"
          y="410"
          width="400"
          height="60"/>
      <archimateElement
          xsi:type="archimate:BusinessActor"
          href="BusinessActor_352.xml#352"/>
    </children>
    <children
        xsi:type="archimate:DiagramModelArchimateObject"
        id="3713"
        fillColor="#0080c0">
      <bounds
          x="20"
          y="170"
          width="400"
          height="100"/>
      <children
          xsi:type="archimate:DiagramModelArchimateObject"
          id="3715"
          fillColor="#8080c0">
        <bounds
            x="10"
            y="30"
            width="120"
            height="60"/>
        <archimateElement
            xsi:type="archimate:BusinessActor"
            href="BusinessActor_303.xml#303"/>
      </children>
      <children
          xsi:type="archimate:DiagramModelArchimateObject"
          id="3716"
          fillColor="#8080c0">
        <bounds
            x="140"
            y="30"
            width="120"
            height="60"/>
        <archimateElement
            xsi:type="archimate:BusinessActor"
            href="BusinessActor_310.xml#310"/>
      </children>
      <children
          xsi:type="archimate:DiagramModelArchimateObject"
          id="3717"
          fillColor="#8080c0">
        <bounds
            x="270"
            y="30"
            width="120"
            height="60"/>
        <archimateElement
            xsi:type="archimate:BusinessActor"
            href="BusinessActor_317.xml#317"/>
      </children>
      <archimateElement
          xsi:type="archimate:BusinessActor"
          href="BusinessActor_324.xml#324"/>
    </children>
    <archimateElement
        xsi:type="archimate:BusinessActor"
        href="BusinessActor_275.xml#275"/>
  </children>
</archimate:ArchimateDiagramModel>
