<archimate:ArchimateDiagramModel
    xmlns:xsi="http://www.w3.org/2001/XMLSchema-instance"
    xmlns:archimate="http://www.archimatetool.com/archimate"
    name="Business Cooperation View"
    id="4224"
    viewpoint="7">
  <children
      xsi:type="archimate:DiagramModelArchimateObject"
      id="4253">
    <sourceConnections
        xsi:type="archimate:DiagramModelArchimateConnection"
        id="8da6d25c"
        source="4253"
        target="4241">
      <archimateRelationship
          xsi:type="archimate:ServingRelationship"
          href="ServingRelationship_b74a5ecd.xml#b74a5ecd"/>
    </sourceConnections>
    <bounds
        x="446"
        y="554"
        width="130"
        height="60"/>
    <archimateElement
        xsi:type="archimate:ApplicationService"
        href="ApplicationService_1407.xml#1407"/>
  </children>
  <children
      xsi:type="archimate:DiagramModelArchimateObject"
      id="4249"
      targetConnections="4269">
    <sourceConnections
        xsi:type="archimate:DiagramModelArchimateConnection"
        id="4278"
        source="4249"
        target="4254">
      <bendpoints
          startY="-249"
          endX="-331"/>
      <archimateRelationship
          xsi:type="archimate:ServingRelationship"
          href="ServingRelationship_1282.xml#1282"/>
    </sourceConnections>
    <sourceConnections
        xsi:type="archimate:DiagramModelArchimateConnection"
        id="4268"
        source="4249"
        target="4236">
      <archimateRelationship
          xsi:type="archimate:ServingRelationship"
          href="ServingRelationship_1444.xml#1444"/>
    </sourceConnections>
    <bounds
        x="24"
        y="277"
        width="101"
        height="53"/>
    <archimateElement
        xsi:type="archimate:BusinessService"
        href="BusinessService_1196.xml#1196"/>
  </children>
  <children
      xsi:type="archimate:DiagramModelArchimateObject"
      id="4246"
      targetConnections="4264">
    <sourceConnections
        xsi:type="archimate:DiagramModelArchimateConnection"
        id="4277"
        source="4246"
        target="4254">
      <bendpoints
          startX="-1"
          startY="-104"
          endX="348"/>
      <archimateRelationship
          xsi:type="archimate:ServingRelationship"
          href="ServingRelationship_1295.xml#1295"/>
    </sourceConnections>
    <bounds
        x="709"
        y="132"
        width="90"
        height="53"/>
    <archimateElement
        xsi:type="archimate:BusinessService"
        href="BusinessService_1226.xml#1226"/>
  </children>
  <children
      xsi:type="archimate:DiagramModelArchimateObject"
      id="4251">
    <sourceConnections
        xsi:type="archimate:DiagramModelArchimateConnection"
        id="4273"
        source="4251"
        target="4243">
      <archimateRelationship
          xsi:type="archimate:ServingRelationship"
          href="ServingRelationship_1733.xml#1733"/>
    </sourceConnections>
    <bounds
        x="194"
        y="554"
        width="120"
        height="60"/>
    <archimateElement
        xsi:type="archimate:ApplicationService"
        href="ApplicationService_1414.xml#1414"/>
  </children>
  <children
      xsi:type="archimate:DiagramModelArchimateObject"
      id="4233"
      fillColor="#ffff80">
    <bounds
        x="154"
        y="254"
        width="680"
        height="100"/>
    <children
        xsi:type="archimate:DiagramModelArchimateObject"
        id="4236"
        targetConnections="4268">
      <sourceConnections
          xsi:type="archimate:DiagramModelArchimateConnection"
          id="4262"
          source="4236"
          target="4245">
        <archimateRelationship
            xsi:type="archimate:RealizationRelationship"
            href="RealizationRelationship_1430.xml#1430"/>
      </sourceConnections>
      <sourceConnections
          xsi:type="archimate:DiagramModelArchimateConnection"
          id="4255"
          source="4236"
          target="4235">
        <archimateRelationship
            xsi:type="archimate:TriggeringRelationship"
            href="TriggeringRelationship_657.xml#657"/>
      </sourceConnections>
      <bounds
          x="20"
          y="20"
          width="120"
          height="60"/>
      <archimateElement
          xsi:type="archimate:BusinessProcess"
          href="BusinessProcess_564.xml#564"/>
    </children>
    <children
        xsi:type="archimate:DiagramModelArchimateObject"
        id="4237"
        targetConnections="4257">
      <sourceConnections
          xsi:type="archimate:DiagramModelArchimateConnection"
          id="4264"
          source="4237"
          target="4246">
        <archimateRelationship
            xsi:type="archimate:RealizationRelationship"
            href="RealizationRelationship_1434.xml#1434"/>
      </sourceConnections>
      <bounds
          x="540"
          y="20"
          width="120"
          height="60"/>
      <archimateElement
          xsi:type="archimate:BusinessProcess"
          href="BusinessProcess_588.xml#588"/>
    </children>
    <children
        xsi:type="archimate:DiagramModelArchimateObject"
        id="4235"
        targetConnections="4255">
      <sourceConnections
          xsi:type="archimate:DiagramModelArchimateConnection"
          id="4256"
          source="4235"
          target="4238">
        <archimateRelationship
            xsi:type="archimate:TriggeringRelationship"
            href="TriggeringRelationship_659.xml#659"/>
      </sourceConnections>
      <sourceConnections
          xsi:type="archimate:DiagramModelArchimateConnection"
          id="4266"
          source="4235"
          target="4248">
        <archimateRelationship
            xsi:type="archimate:RealizationRelationship"
            href="RealizationRelationship_1432.xml#1432"/>
      </sourceConnections>
      <bounds
          x="190"
          y="20"
          width="120"
          height="60"/>
      <archimateElement
          xsi:type="archimate:BusinessProcess"
          href="BusinessProcess_572.xml#572"/>
    </children>
    <children
        xsi:type="archimate:DiagramModelArchimateObject"
        id="4238"
        targetConnections="4256">
      <sourceConnections
          xsi:type="archimate:DiagramModelArchimateConnection"
          id="4257"
          source="4238"
          target="4237">
        <archimateRelationship
            xsi:type="archimate:TriggeringRelationship"
            href="TriggeringRelationship_661.xml#661"/>
      </sourceConnections>
      <bounds
          x="370"
          y="20"
          width="120"
          height="60"/>
      <archimateElement
          xsi:type="archimate:BusinessProcess"
          href="BusinessProcess_580.xml#580"/>
    </children>
    <archimateElement
        xsi:type="archimate:BusinessProcess"
        href="BusinessProcess_556.xml#556"/>
  </children>
  <children
      xsi:type="archimate:DiagramModelArchimateObject"
      id="4245"
      targetConnections="4262">
    <sourceConnections
        xsi:type="archimate:DiagramModelArchimateConnection"
        id="4276"
        source="4245"
        target="4254">
      <archimateRelationship
          xsi:type="archimate:ServingRelationship"
          href="ServingRelationship_1293.xml#1293"/>
    </sourceConnections>
    <bounds
        x="180"
        y="132"
        width="111"
        height="53"/>
    <archimateElement
        xsi:type="archimate:BusinessService"
        href="BusinessService_1202.xml#1202"/>
  </children>
  <children
      xsi:type="archimate:DiagramModelArchimateObject"
      id="4254"
      targetConnections="4275 4278 4277 4276">
    <bounds
        x="345"
        y="24"
        width="120"
        height="60"/>
    <archimateElement
        xsi:type="archimate:BusinessRole"
        href="BusinessRole_521.xml#521"/>
  </children>
  <children
      xsi:type="archimate:DiagramModelArchimateObject"
      id="4248"
      targetConnections="4266">
    <sourceConnections
        xsi:type="archimate:DiagramModelArchimateConnection"
        id="4275"
        source="4248"
        target="4254">
      <archimateRelationship
          xsi:type="archimate:ServingRelationship"
          href="ServingRelationship_1297.xml#1297"/>
    </sourceConnections>
    <bounds
        x="351"
        y="131"
        width="107"
        height="53"/>
    <archimateElement
        xsi:type="archimate:BusinessService"
        href="BusinessService_1214.xml#1214"/>
  </children>
  <children
      xsi:type="archimate:DiagramModelArchimateObject"
      id="4252">
    <sourceConnections
        xsi:type="archimate:DiagramModelArchimateConnection"
        id="4272"
        source="4252"
        target="4244">
      <archimateRelationship
          xsi:type="archimate:ServingRelationship"
          href="ServingRelationship_1731.xml#1731"/>
    </sourceConnections>
    <bounds
        x="694"
        y="554"
        width="120"
        height="60"/>
    <archimateElement
        xsi:type="archimate:ApplicationService"
        href="ApplicationService_935.xml#935"/>
  </children>
  <children
      xsi:type="archimate:DiagramModelArchimateObject"
      id="4239"
      fillColor="#ffff80">
    <sourceConnections
        xsi:type="archimate:DiagramModelArchimateConnection"
        id="4269"
        source="4239"
        target="4249">
      <bendpoints
          startX="-420"
          startY="1"
          endY="147"/>
      <archimateRelationship
          xsi:type="archimate:RealizationRelationship"
          href="RealizationRelationship_1321.xml#1321"/>
    </sourceConnections>
    <bounds
        x="154"
        y="394"
        width="680"
        height="110"/>
    <children
        xsi:type="archimate:DiagramModelArchimateObject"
        id="4243"
        targetConnections="4273">
      <sourceConnections
          xsi:type="archimate:DiagramModelArchimateConnection"
          id="4258"
          source="4243"
          target="4241">
        <archimateRelationship
            xsi:type="archimate:TriggeringRelationship"
            href="TriggeringRelationship_728.xml#728"/>
      </sourceConnections>
      <bounds
          x="20"
          y="30"
          width="160"
          height="60"/>
      <archimateElement
          xsi:type="archimate:BusinessInteraction"
          href="BusinessInteraction_721.xml#721"/>
    </children>
    <children
        xsi:type="archimate:DiagramModelArchimateObject"
        id="4241"
        targetConnections="4258 8da6d25c">
      <sourceConnections
          xsi:type="archimate:DiagramModelArchimateConnection"
          id="fa188893"
          source="4241"
          target="4244">
        <archimateRelationship
            xsi:type="archimate:TriggeringRelationship"
            href="TriggeringRelationship_2d89d4e7.xml#2d89d4e7"/>
      </sourceConnections>
      <bounds
          x="292"
          y="30"
          width="129"
          height="60"/>
      <archimateElement
          xsi:type="archimate:BusinessProcess"
          href="BusinessProcess_612.xml#612"/>
    </children>
    <children
        xsi:type="archimate:DiagramModelArchimateObject"
        id="4244"
        targetConnections="4272 fa188893">
      <bounds
          x="540"
          y="30"
          width="120"
          height="60"/>
      <archimateElement
          xsi:type="archimate:BusinessInteraction"
          href="BusinessInteraction_722.xml#722"/>
    </children>
    <archimateElement
        xsi:type="archimate:BusinessProcess"
        href="BusinessProcess_596.xml#596"/>
  </children>
</archimate:ArchimateDiagramModel>
