<archimate:ArchimateDiagramModel
    xmlns:xsi="http://www.w3.org/2001/XMLSchema-instance"
    xmlns:archimate="http://www.archimatetool.com/archimate"
    name="Application Structure View"
    id="3944"
    viewpoint="4">
  <children
      xsi:type="archimate:DiagramModelArchimateObject"
      id="3955"
      targetConnections="3964"
      fillColor="#80ffff">
    <bounds
        x="430"
        y="240"
        width="120"
        height="60"/>
    <archimateElement
        xsi:type="archimate:DataObject"
        href="DataObject_838.xml#838"/>
  </children>
  <children
      xsi:type="archimate:DiagramModelArchimateObject"
      id="3953"
      targetConnections="3962"
      fillColor="#80ffff">
    <bounds
        x="430"
        y="100"
        width="120"
        height="60"/>
    <archimateElement
        xsi:type="archimate:DataObject"
        href="DataObject_837.xml#837"/>
  </children>
  <children
      xsi:type="archimate:DiagramModelArchimateObject"
      id="3954"
      targetConnections="3963"
      fillColor="#80ffff">
    <bounds
        x="430"
        y="170"
        width="120"
        height="60"/>
    <archimateElement
        xsi:type="archimate:DataObject"
        href="DataObject_839.xml#839"/>
  </children>
  <children
      xsi:type="archimate:DiagramModelArchimateObject"
      id="3956"
      fillColor="#0db0ff">
    <bounds
        x="30"
        y="40"
        width="340"
        height="290"/>
    <children
        xsi:type="archimate:DiagramModelArchimateObject"
        id="3959"
        fillColor="#8080ff">
      <sourceConnections
          xsi:type="archimate:DiagramModelArchimateConnection"
          id="3962"
          source="3959"
          target="3953">
        <archimateRelationship
            xsi:type="archimate:AccessRelationship"
            href="AccessRelationship_880.xml#880"/>
      </sourceConnections>
      <bounds
          x="190"
          y="60"
          width="140"
          height="60"/>
      <archimateElement
          xsi:type="archimate:ApplicationComponent"
          href="ApplicationComponent_855.xml#855"/>
    </children>
    <children
        xsi:type="archimate:DiagramModelArchimateObject"
        id="3961"
        fillColor="#8080ff">
      <sourceConnections
          xsi:type="archimate:DiagramModelArchimateConnection"
          id="3964"
          source="3961"
          target="3955">
        <archimateRelationship
            xsi:type="archimate:AccessRelationship"
            href="AccessRelationship_884.xml#884"/>
      </sourceConnections>
      <bounds
          x="190"
          y="200"
          width="140"
          height="60"/>
      <archimateElement
          xsi:type="archimate:ApplicationComponent"
          href="ApplicationComponent_861.xml#861"/>
    </children>
    <children
        xsi:type="archimate:DiagramModelArchimateObject"
        id="3958"
        fillColor="#8080ff">
      <bounds
          x="20"
          y="130"
          width="140"
          height="60"/>
      <archimateElement
          xsi:type="archimate:ApplicationComponent"
          href="ApplicationComponent_849.xml#849"/>
    </children>
    <children
        xsi:type="archimate:DiagramModelArchimateObject"
        id="3960"
        fillColor="#8080ff">
      <sourceConnections
          xsi:type="archimate:DiagramModelArchimateConnection"
          id="3963"
          source="3960"
          target="3954">
        <archimateRelationship
            xsi:type="archimate:AccessRelationship"
            href="AccessRelationship_882.xml#882"/>
      </sourceConnections>
      <bounds
          x="190"
          y="130"
          width="140"
          height="60"/>
      <archimateElement
          xsi:type="archimate:ApplicationComponent"
          href="ApplicationComponent_867.xml#867"/>
    </children>
    <archimateElement
        xsi:type="archimate:ApplicationComponent"
        href="ApplicationComponent_843.xml#843"/>
  </children>
</archimate:ArchimateDiagramModel>
