<archimate:ArchimateDiagramModel
    xmlns:xsi="http://www.w3.org/2001/XMLSchema-instance"
    xmlns:archimate="http://www.archimatetool.com/archimate"
    name="Archimate View"
    id="3641">
  <children
      xsi:type="archimate:DiagramModelReference"
      id="3657"
      fillColor="#80ffff">
    <bounds
        x="555"
        y="304"
        width="200"
        height="140"/>
    <referencedModel
        xsi:type="archimate:ArchimateDiagramModel"
        href="ArchimateDiagramModel_3944.xml#3944"/>
  </children>
  <children
      xsi:type="archimate:DiagramModelReference"
      id="3656"
      fillColor="#80ff80">
    <bounds
        x="115"
        y="464"
        width="640"
        height="60"/>
    <referencedModel
        xsi:type="archimate:ArchimateDiagramModel"
        href="ArchimateDiagramModel_3893.xml#3893"/>
  </children>
  <children
      xsi:type="archimate:DiagramModelReference"
      id="3660">
    <bounds
        x="775"
        y="84"
        width="106"
        height="440"/>
    <referencedModel
        xsi:type="archimate:ArchimateDiagramModel"
        href="ArchimateDiagramModel_4025.xml#4025"/>
  </children>
  <children
      xsi:type="archimate:DiagramModelReference"
      id="3653"
      fillColor="#ff8040">
    <bounds
        x="335"
        y="224"
        width="200"
        height="60"/>
    <referencedModel
        xsi:type="archimate:ArchimateDiagramModel"
        href="ArchimateDiagramModel_3761.xml#3761"/>
  </children>
  <children
      xsi:type="archimate:DiagramModelReference"
      id="3651"
      fillColor="#ff8040">
    <bounds
        x="555"
        y="144"
        width="200"
        height="60"/>
    <referencedModel
        xsi:type="archimate:ArchimateDiagramModel"
        href="ArchimateDiagramModel_3698.xml#3698"/>
  </children>
  <children
      xsi:type="archimate:DiagramModelReference"
      id="3652"
      fillColor="#ff8040">
    <bounds
        x="335"
        y="144"
        width="200"
        height="60"/>
    <referencedModel
        xsi:type="archimate:ArchimateDiagramModel"
        href="ArchimateDiagramModel_3722.xml#3722"/>
  </children>
  <children
      xsi:type="archimate:DiagramModelReference"
      id="3654"
      fillColor="#80ffff">
    <bounds
        x="115"
        y="144"
        width="200"
        height="300"/>
    <referencedModel
        xsi:type="archimate:ArchimateDiagramModel"
        href="ArchimateDiagramModel_3821.xml#3821"/>
  </children>
  <children
      xsi:type="archimate:DiagramModelReference"
      id="3655"
      fillColor="#80ffff">
    <bounds
        x="335"
        y="304"
        width="200"
        height="140"/>
    <referencedModel
        xsi:type="archimate:ArchimateDiagramModel"
        href="ArchimateDiagramModel_3865.xml#3865"/>
  </children>
  <children
      xsi:type="archimate:DiagramModelReference"
      id="3661"
      fillColor="#ffff80">
    <bounds
        x="12"
        y="84"
        width="86"
        height="440"/>
    <referencedModel
        xsi:type="archimate:ArchimateDiagramModel"
        href="ArchimateDiagramModel_4056.xml#4056"/>
  </children>
  <children
      xsi:type="archimate:DiagramModelReference"
      id="3658"
      fillColor="#ff8040">
    <bounds
        x="555"
        y="224"
        width="200"
        height="60"/>
    <referencedModel
        xsi:type="archimate:ArchimateDiagramModel"
        href="ArchimateDiagramModel_3965.xml#3965"/>
  </children>
  <children
      xsi:type="archimate:DiagramModelReference"
      id="3659">
    <bounds
        x="115"
        y="84"
        width="640"
        height="40"/>
    <referencedModel
        xsi:type="archimate:ArchimateDiagramModel"
        href="ArchimateDiagramModel_3999.xml#3999"/>
  </children>
  <children
      xsi:type="archimate:DiagramModelReference"
      id="fea8d8ca"
      fillColor="#cc6666">
    <bounds
        x="12"
        y="12"
        width="869"
        height="55"/>
    <referencedModel
        xsi:type="archimate:ArchimateDiagramModel"
        href="ArchimateDiagramModel_16fe3cf9.xml#16fe3cf9"/>
  </children>
</archimate:ArchimateDiagramModel>
