<archimate:ArchimateDiagramModel
    xmlns:xsi="http://www.w3.org/2001/XMLSchema-instance"
    xmlns:archimate="http://www.archimatetool.com/archimate"
    name="Application Cooperation View"
    id="4279"
    viewpoint="3">
  <children
      xsi:type="archimate:DiagramModelArchimateObject"
      id="4288"
      fillColor="#ff8080">
    <sourceConnections
        xsi:type="archimate:DiagramModelArchimateConnection"
        id="c5b68bd5"
        source="4288"
        target="4307">
      <archimateRelationship
          xsi:type="archimate:ServingRelationship"
          href="ServingRelationship_853128f7.xml#853128f7"/>
    </sourceConnections>
    <bounds
        x="100"
        y="570"
        width="120"
        height="60"/>
    <archimateElement
        xsi:type="archimate:ApplicationComponent"
        href="ApplicationComponent_1813.xml#1813"/>
  </children>
  <children
      xsi:type="archimate:DiagramModelGroup"
      id="4299">
    <bounds
        x="80"
        y="300"
        width="520"
        height="230"/>
    <children
        xsi:type="archimate:DiagramModelArchimateObject"
        id="4308"
        targetConnections="4312">
      <sourceConnections
          xsi:type="archimate:DiagramModelArchimateConnection"
          id="4313"
          source="4308"
          target="4306">
        <archimateRelationship
            xsi:type="archimate:CompositionRelationship"
            href="CompositionRelationship_1831.xml#1831"/>
      </sourceConnections>
      <sourceConnections
          xsi:type="archimate:DiagramModelArchimateConnection"
          id="4314"
          source="4308"
          target="4305">
        <archimateRelationship
            xsi:type="archimate:CompositionRelationship"
            href="CompositionRelationship_1833.xml#1833"/>
      </sourceConnections>
      <bounds
          x="200"
          y="93"
          width="120"
          height="60"/>
      <archimateElement
          xsi:type="archimate:ApplicationComponent"
          href="ApplicationComponent_843.xml#843"/>
    </children>
    <children
        xsi:type="archimate:DiagramModelArchimateObject"
        id="4305"
        targetConnections="4314">
      <bounds
          x="380"
          y="133"
          width="120"
          height="60"/>
      <archimateElement
          xsi:type="archimate:ApplicationComponent"
          href="ApplicationComponent_861.xml#861"/>
    </children>
    <children
        xsi:type="archimate:DiagramModelArchimateObject"
        id="4307"
        targetConnections="c5b68bd5">
      <sourceConnections
          xsi:type="archimate:DiagramModelArchimateConnection"
          id="4312"
          source="4307"
          target="4308">
        <archimateRelationship
            xsi:type="archimate:ServingRelationship"
            href="ServingRelationship_1829.xml#1829"/>
      </sourceConnections>
      <bounds
          x="20"
          y="93"
          width="120"
          height="60"/>
      <archimateElement
          xsi:type="archimate:ApplicationComponent"
          href="ApplicationComponent_1399.xml#1399"/>
    </children>
    <children
        xsi:type="archimate:DiagramModelArchimateObject"
        id="4306"
        targetConnections="4313">
      <sourceConnections
          xsi:type="archimate:DiagramModelArchimateConnection"
          id="4315"
          source="4306"
          target="4298">
        <archimateRelationship
            xsi:type="archimate:ServingRelationship"
            href="ServingRelationship_1835.xml#1835"/>
      </sourceConnections>
      <sourceConnections
          xsi:type="archimate:DiagramModelArchimateConnection"
          id="4317"
          source="4306"
          target="4295">
        <archimateRelationship
            xsi:type="archimate:ServingRelationship"
            href="ServingRelationship_1827.xml#1827"/>
      </sourceConnections>
      <bounds
          x="380"
          y="53"
          width="120"
          height="60"/>
      <archimateElement
          xsi:type="archimate:ApplicationComponent"
          href="ApplicationComponent_855.xml#855"/>
    </children>
  </children>
  <children
      xsi:type="archimate:DiagramModelGroup"
      id="4289"
      name="Front office Applications">
    <bounds
        x="80"
        y="40"
        width="520"
        height="220"/>
    <children
        xsi:type="archimate:DiagramModelArchimateObject"
        id="4298"
        targetConnections="4315">
      <sourceConnections
          xsi:type="archimate:DiagramModelArchimateConnection"
          id="4311"
          source="4298"
          target="4297">
        <archimateRelationship
            xsi:type="archimate:ServingRelationship"
            href="ServingRelationship_1821.xml#1821"/>
      </sourceConnections>
      <bounds
          x="30"
          y="133"
          width="120"
          height="60"/>
      <archimateElement
          xsi:type="archimate:ApplicationComponent"
          href="ApplicationComponent_1793.xml#1793"/>
    </children>
    <children
        xsi:type="archimate:DiagramModelArchimateObject"
        id="4297"
        targetConnections="4310 4309 4311">
      <bounds
          x="30"
          y="33"
          width="120"
          height="60"/>
      <archimateElement
          xsi:type="archimate:ApplicationComponent"
          href="ApplicationComponent_1800.xml#1800"/>
    </children>
    <children
        xsi:type="archimate:DiagramModelArchimateObject"
        id="4296">
      <sourceConnections
          xsi:type="archimate:DiagramModelArchimateConnection"
          id="4309"
          source="4296"
          target="4297">
        <archimateRelationship
            xsi:type="archimate:ServingRelationship"
            href="ServingRelationship_1823.xml#1823"/>
      </sourceConnections>
      <bounds
          x="220"
          y="133"
          width="120"
          height="60"/>
      <archimateElement
          xsi:type="archimate:ApplicationComponent"
          href="ApplicationComponent_1393.xml#1393"/>
    </children>
    <children
        xsi:type="archimate:DiagramModelArchimateObject"
        id="4295"
        targetConnections="4317">
      <sourceConnections
          xsi:type="archimate:DiagramModelArchimateConnection"
          id="4310"
          source="4295"
          target="4297">
        <archimateRelationship
            xsi:type="archimate:ServingRelationship"
            href="ServingRelationship_1825.xml#1825"/>
      </sourceConnections>
      <bounds
          x="220"
          y="33"
          width="120"
          height="60"/>
      <archimateElement
          xsi:type="archimate:ApplicationComponent"
          href="ApplicationComponent_849.xml#849"/>
    </children>
  </children>
</archimate:ArchimateDiagramModel>
