<archimate:ArchimateDiagramModel
    xmlns:xsi="http://www.w3.org/2001/XMLSchema-instance"
    xmlns:archimate="http://www.archimatetool.com/archimate"
    name="Information Structure View"
    id="3821"
    viewpoint="11">
  <children
      xsi:type="archimate:DiagramModelArchimateObject"
      id="3843"
      fillColor="#80ffff">
    <sourceConnections
        xsi:type="archimate:DiagramModelArchimateConnection"
        id="3864"
        source="3843"
        target="3839">
      <archimateRelationship
          xsi:type="archimate:RealizationRelationship"
          href="RealizationRelationship_965.xml#965"/>
    </sourceConnections>
    <sourceConnections
        xsi:type="archimate:DiagramModelArchimateConnection"
        id="3860"
        source="3843"
        target="3836">
      <archimateRelationship
          xsi:type="archimate:RealizationRelationship"
          href="RealizationRelationship_959.xml#959"/>
    </sourceConnections>
    <sourceConnections
        xsi:type="archimate:DiagramModelArchimateConnection"
        id="3862"
        source="3843"
        target="3840">
      <archimateRelationship
          xsi:type="archimate:RealizationRelationship"
          href="RealizationRelationship_963.xml#963"/>
    </sourceConnections>
    <sourceConnections
        xsi:type="archimate:DiagramModelArchimateConnection"
        id="3863"
        source="3843"
        target="3838">
      <archimateRelationship
          xsi:type="archimate:RealizationRelationship"
          href="RealizationRelationship_967.xml#967"/>
    </sourceConnections>
    <sourceConnections
        xsi:type="archimate:DiagramModelArchimateConnection"
        id="3861"
        source="3843"
        target="3837">
      <archimateRelationship
          xsi:type="archimate:RealizationRelationship"
          href="RealizationRelationship_961.xml#961"/>
    </sourceConnections>
    <bounds
        x="330"
        y="460"
        width="120"
        height="55"/>
    <archimateElement
        xsi:type="archimate:DataObject"
        href="DataObject_838.xml#838"/>
  </children>
  <children
      xsi:type="archimate:DiagramModelArchimateObject"
      id="3844"
      fillColor="#80ffff">
    <sourceConnections
        xsi:type="archimate:DiagramModelArchimateConnection"
        id="3857"
        source="3844"
        target="3835">
      <archimateRelationship
          xsi:type="archimate:RealizationRelationship"
          href="RealizationRelationship_953.xml#953"/>
    </sourceConnections>
    <bounds
        x="20"
        y="230"
        width="120"
        height="55"/>
    <archimateElement
        xsi:type="archimate:DataObject"
        href="DataObject_946.xml#946"/>
  </children>
  <children
      xsi:type="archimate:DiagramModelArchimateObject"
      id="3836"
      targetConnections="3860"
      fillColor="#ffff80">
    <sourceConnections
        xsi:type="archimate:DiagramModelArchimateConnection"
        id="3856"
        source="3836"
        target="3833">
      <archimateRelationship
          xsi:type="archimate:SpecializationRelationship"
          href="SpecializationRelationship_826.xml#826"/>
    </sourceConnections>
    <bounds
        x="640"
        y="330"
        width="130"
        height="55"/>
    <archimateElement
        xsi:type="archimate:BusinessObject"
        href="BusinessObject_796.xml#796"/>
  </children>
  <children
      xsi:type="archimate:DiagramModelArchimateObject"
      id="3835"
      targetConnections="3857 3847 3851"
      fillColor="#ffff80">
    <bounds
        x="170"
        y="230"
        width="120"
        height="55"/>
    <archimateElement
        xsi:type="archimate:BusinessObject"
        href="BusinessObject_792.xml#792"/>
  </children>
  <children
      xsi:type="archimate:DiagramModelArchimateObject"
      id="3837"
      targetConnections="3861"
      fillColor="#ffff80">
    <sourceConnections
        xsi:type="archimate:DiagramModelArchimateConnection"
        id="3855"
        source="3837"
        target="3833">
      <archimateRelationship
          xsi:type="archimate:SpecializationRelationship"
          href="SpecializationRelationship_824.xml#824"/>
    </sourceConnections>
    <bounds
        x="480"
        y="330"
        width="133"
        height="55"/>
    <archimateElement
        xsi:type="archimate:BusinessObject"
        href="BusinessObject_795.xml#795"/>
  </children>
  <children
      xsi:type="archimate:DiagramModelArchimateObject"
      id="3833"
      targetConnections="3852 3854 3856 3853 3848 3855"
      fillColor="#ffff80">
    <sourceConnections
        xsi:type="archimate:DiagramModelArchimateConnection"
        id="3850"
        source="3833"
        target="3832">
      <archimateRelationship
          xsi:type="archimate:AggregationRelationship"
          href="AggregationRelationship_814.xml#814"/>
    </sourceConnections>
    <sourceConnections
        xsi:type="archimate:DiagramModelArchimateConnection"
        id="3851"
        source="3833"
        target="3835">
      <archimateRelationship
          xsi:type="archimate:AggregationRelationship"
          href="AggregationRelationship_816.xml#816"/>
    </sourceConnections>
    <bounds
        x="330"
        y="230"
        width="120"
        height="55"/>
    <archimateElement
        xsi:type="archimate:BusinessObject"
        href="BusinessObject_675.xml#675"/>
  </children>
  <children
      xsi:type="archimate:DiagramModelArchimateObject"
      id="3830"
      fillColor="#ffff80">
    <sourceConnections
        xsi:type="archimate:DiagramModelArchimateConnection"
        id="3845"
        source="3830"
        target="3832">
      <archimateRelationship
          xsi:type="archimate:RealizationRelationship"
          href="RealizationRelationship_718.xml#718"/>
    </sourceConnections>
    <bounds
        x="650"
        y="230"
        width="120"
        height="55"/>
    <archimateElement
        xsi:type="archimate:Representation"
        href="Representation_676.xml#676"/>
  </children>
  <children
      xsi:type="archimate:DiagramModelArchimateObject"
      id="3834"
      fillColor="#ffff80">
    <sourceConnections
        xsi:type="archimate:DiagramModelArchimateConnection"
        id="3846"
        source="3834"
        target="3831">
      <archimateRelationship
          xsi:type="archimate:AggregationRelationship"
          href="AggregationRelationship_806.xml#806"/>
    </sourceConnections>
    <bounds
        x="330"
        y="30"
        width="120"
        height="55"/>
    <archimateElement
        xsi:type="archimate:BusinessObject"
        href="BusinessObject_791.xml#791"/>
  </children>
  <children
      xsi:type="archimate:DiagramModelArchimateObject"
      id="3838"
      targetConnections="3863"
      fillColor="#ffff80">
    <sourceConnections
        xsi:type="archimate:DiagramModelArchimateConnection"
        id="3852"
        source="3838"
        target="3833">
      <archimateRelationship
          xsi:type="archimate:SpecializationRelationship"
          href="SpecializationRelationship_818.xml#818"/>
    </sourceConnections>
    <bounds
        x="12"
        y="330"
        width="128"
        height="55"/>
    <archimateElement
        xsi:type="archimate:BusinessObject"
        href="BusinessObject_793.xml#793"/>
  </children>
  <children
      xsi:type="archimate:DiagramModelArchimateObject"
      id="3841"
      fillColor="#80ffff">
    <sourceConnections
        xsi:type="archimate:DiagramModelArchimateConnection"
        id="3858"
        source="3841"
        target="3831">
      <archimateRelationship
          xsi:type="archimate:RealizationRelationship"
          href="RealizationRelationship_955.xml#955"/>
    </sourceConnections>
    <bounds
        x="20"
        y="130"
        width="120"
        height="55"/>
    <archimateElement
        xsi:type="archimate:DataObject"
        href="DataObject_837.xml#837"/>
  </children>
  <children
      xsi:type="archimate:DiagramModelArchimateObject"
      id="3831"
      targetConnections="3858 3846"
      fillColor="#ffff80">
    <sourceConnections
        xsi:type="archimate:DiagramModelArchimateConnection"
        id="3847"
        source="3831"
        target="3835">
      <archimateRelationship
          xsi:type="archimate:CompositionRelationship"
          href="CompositionRelationship_808.xml#808"/>
    </sourceConnections>
    <sourceConnections
        xsi:type="archimate:DiagramModelArchimateConnection"
        id="3848"
        source="3831"
        target="3833">
      <archimateRelationship
          xsi:type="archimate:CompositionRelationship"
          href="CompositionRelationship_810.xml#810"/>
    </sourceConnections>
    <sourceConnections
        xsi:type="archimate:DiagramModelArchimateConnection"
        id="3849"
        source="3831"
        target="3832">
      <archimateRelationship
          xsi:type="archimate:CompositionRelationship"
          href="CompositionRelationship_812.xml#812"/>
    </sourceConnections>
    <bounds
        x="330"
        y="130"
        width="120"
        height="55"/>
    <archimateElement
        xsi:type="archimate:BusinessObject"
        href="BusinessObject_674.xml#674"/>
  </children>
  <children
      xsi:type="archimate:DiagramModelArchimateObject"
      id="3832"
      targetConnections="3845 3850 3859 3849"
      fillColor="#ffff80">
    <bounds
        x="490"
        y="230"
        width="120"
        height="55"/>
    <archimateElement
        xsi:type="archimate:BusinessObject"
        href="BusinessObject_673.xml#673"/>
  </children>
  <children
      xsi:type="archimate:DiagramModelArchimateObject"
      id="3839"
      targetConnections="3864"
      fillColor="#ffff80">
    <sourceConnections
        xsi:type="archimate:DiagramModelArchimateConnection"
        id="3853"
        source="3839"
        target="3833">
      <archimateRelationship
          xsi:type="archimate:SpecializationRelationship"
          href="SpecializationRelationship_820.xml#820"/>
    </sourceConnections>
    <bounds
        x="160"
        y="330"
        width="120"
        height="55"/>
    <archimateElement
        xsi:type="archimate:BusinessObject"
        href="BusinessObject_794.xml#794"/>
  </children>
  <children
      xsi:type="archimate:DiagramModelArchimateObject"
      id="3840"
      targetConnections="3862"
      fillColor="#ffff80">
    <sourceConnections
        xsi:type="archimate:DiagramModelArchimateConnection"
        id="3854"
        source="3840"
        target="3833">
      <archimateRelationship
          xsi:type="archimate:SpecializationRelationship"
          href="SpecializationRelationship_822.xml#822"/>
    </sourceConnections>
    <bounds
        x="327"
        y="330"
        width="126"
        height="55"/>
    <archimateElement
        xsi:type="archimate:BusinessObject"
        href="BusinessObject_803.xml#803"/>
  </children>
  <children
      xsi:type="archimate:DiagramModelArchimateObject"
      id="3842"
      fillColor="#80ffff">
    <sourceConnections
        xsi:type="archimate:DiagramModelArchimateConnection"
        id="3859"
        source="3842"
        target="3832">
      <archimateRelationship
          xsi:type="archimate:RealizationRelationship"
          href="RealizationRelationship_957.xml#957"/>
    </sourceConnections>
    <bounds
        x="490"
        y="130"
        width="120"
        height="55"/>
    <archimateElement
        xsi:type="archimate:DataObject"
        href="DataObject_839.xml#839"/>
  </children>
</archimate:ArchimateDiagramModel>
