<archimate:ArchimateDiagramModel
    xmlns:xsi="http://www.w3.org/2001/XMLSchema-instance"
    xmlns:archimate="http://www.archimatetool.com/archimate"
    name="Business Function View"
    id="3722"
    viewpoint="6">
  <children
      xsi:type="archimate:DiagramModelArchimateObject"
      id="3732"
      targetConnections="3756">
    <sourceConnections
        xsi:type="archimate:DiagramModelArchimateConnection"
        id="3757"
        source="3732"
        target="3738">
      <bendpoints
          startX="-107"
          startY="13"
          endX="109"
          endY="23"/>
      <archimateRelationship
          xsi:type="archimate:FlowRelationship"
          href="FlowRelationship_1778.xml#1778"/>
    </sourceConnections>
    <bounds
        x="610"
        y="360"
        width="150"
        height="120"/>
    <archimateElement
        xsi:type="archimate:BusinessRole"
        href="BusinessRole_528.xml#528"/>
  </children>
  <children
      xsi:type="archimate:DiagramModelArchimateObject"
      id="3733"
      fillColor="#ffff80">
    <bounds
        x="200"
        y="120"
        width="360"
        height="360"/>
    <children
        xsi:type="archimate:DiagramModelArchimateObject"
        id="3735"
        targetConnections="3751 3744">
      <sourceConnections
          xsi:type="archimate:DiagramModelArchimateConnection"
          id="3745"
          font="1|Arial|8.0|0|WINDOWS|1|0|0|0|0|0|0|0|0|1|0|0|0|0|Arial"
          source="3735"
          target="3737">
        <archimateRelationship
            xsi:type="archimate:FlowRelationship"
            href="FlowRelationship_1762.xml#1762"/>
      </sourceConnections>
      <sourceConnections
          xsi:type="archimate:DiagramModelArchimateConnection"
          id="3750"
          source="3735"
          target="3738">
        <archimateRelationship
            xsi:type="archimate:FlowRelationship"
            href="FlowRelationship_1786.xml#1786"/>
      </sourceConnections>
      <bounds
          x="15"
          y="260"
          width="150"
          height="60"/>
      <archimateElement
          xsi:type="archimate:BusinessFunction"
          href="BusinessFunction_495.xml#495"/>
    </children>
    <children
        xsi:type="archimate:DiagramModelArchimateObject"
        id="3737"
        targetConnections="3742 3745">
      <sourceConnections
          xsi:type="archimate:DiagramModelArchimateConnection"
          id="3743"
          font="1|Arial|8.0|0|WINDOWS|1|0|0|0|0|0|0|0|0|1|0|0|0|0|Arial"
          source="3737"
          target="3740">
        <archimateRelationship
            xsi:type="archimate:FlowRelationship"
            href="FlowRelationship_1758.xml#1758"/>
      </sourceConnections>
      <sourceConnections
          xsi:type="archimate:DiagramModelArchimateConnection"
          id="3744"
          font="1|Arial|8.0|0|WINDOWS|1|0|0|0|0|0|0|0|0|1|0|0|0|0|Arial"
          source="3737"
          target="3735">
        <bendpoints
            startX="63"
            startY="60"
            endX="63"
            endY="-60"/>
        <archimateRelationship
            xsi:type="archimate:FlowRelationship"
            href="FlowRelationship_1760.xml#1760"/>
      </sourceConnections>
      <bounds
          x="20"
          y="140"
          width="140"
          height="60"/>
      <archimateElement
          xsi:type="archimate:BusinessFunction"
          href="BusinessFunction_483.xml#483"/>
    </children>
    <children
        xsi:type="archimate:DiagramModelArchimateObject"
        id="3740"
        targetConnections="3758 3743">
      <sourceConnections
          xsi:type="archimate:DiagramModelArchimateConnection"
          id="3742"
          font="1|Arial|8.0|0|WINDOWS|1|0|0|0|0|0|0|0|0|1|0|0|0|0|Arial"
          source="3740"
          target="3737">
        <bendpoints
            startX="59"
            startY="47"
            endX="59"
            endY="-73"/>
        <archimateRelationship
            xsi:type="archimate:FlowRelationship"
            href="FlowRelationship_1756.xml#1756"/>
      </sourceConnections>
      <sourceConnections
          xsi:type="archimate:DiagramModelArchimateConnection"
          id="3759"
          font="1|Arial|8.0|0|WINDOWS|1|0|0|0|0|0|0|0|0|1|0|0|0|0|Arial"
          source="3740"
          target="3741">
        <archimateRelationship
            xsi:type="archimate:FlowRelationship"
            href="FlowRelationship_1782.xml#1782"/>
      </sourceConnections>
      <bounds
          x="20"
          y="20"
          width="140"
          height="60"/>
      <archimateElement
          xsi:type="archimate:BusinessFunction"
          href="BusinessFunction_471.xml#471"/>
    </children>
    <children
        xsi:type="archimate:DiagramModelArchimateObject"
        id="3739"
        targetConnections="3755 3748">
      <sourceConnections
          xsi:type="archimate:DiagramModelArchimateConnection"
          id="3749"
          source="3739"
          target="3736">
        <bendpoints
            startX="-22"
            startY="60"
            endX="-22"
            endY="-60"/>
        <archimateRelationship
            xsi:type="archimate:FlowRelationship"
            href="FlowRelationship_1764.xml#1764"/>
      </sourceConnections>
      <sourceConnections
          xsi:type="archimate:DiagramModelArchimateConnection"
          id="3754"
          font="1|Arial|8.0|0|WINDOWS|1|0|0|0|0|0|0|0|0|1|0|0|0|0|Arial"
          source="3739"
          target="3731">
        <bendpoints
            startX="111"
            startY="38"
            endX="-104"
            endY="28"/>
        <archimateRelationship
            xsi:type="archimate:FlowRelationship"
            href="FlowRelationship_1774.xml#1774"/>
      </sourceConnections>
      <bounds
          x="200"
          y="20"
          width="140"
          height="60"/>
      <archimateElement
          xsi:type="archimate:BusinessFunction"
          href="BusinessFunction_477.xml#477"/>
    </children>
    <children
        xsi:type="archimate:DiagramModelArchimateObject"
        id="3736"
        targetConnections="3749 3747">
      <sourceConnections
          xsi:type="archimate:DiagramModelArchimateConnection"
          id="3746"
          source="3736"
          target="3738">
        <bendpoints
            startX="-25"
            startY="58"
            endX="-24"
            endY="-62"/>
        <archimateRelationship
            xsi:type="archimate:FlowRelationship"
            href="FlowRelationship_1768.xml#1768"/>
      </sourceConnections>
      <sourceConnections
          xsi:type="archimate:DiagramModelArchimateConnection"
          id="3760"
          font="1|Arial|8.0|0|WINDOWS|1|0|0|0|0|0|0|0|0|1|0|0|0|0|Arial"
          source="3736"
          target="3731">
        <archimateRelationship
            xsi:type="archimate:FlowRelationship"
            href="FlowRelationship_1784.xml#1784"/>
      </sourceConnections>
      <sourceConnections
          xsi:type="archimate:DiagramModelArchimateConnection"
          id="3748"
          source="3736"
          target="3739">
        <bendpoints
            startX="24"
            startY="-59"
            endX="24"
            endY="61"/>
        <archimateRelationship
            xsi:type="archimate:FlowRelationship"
            href="FlowRelationship_1766.xml#1766"/>
      </sourceConnections>
      <bounds
          x="200"
          y="140"
          width="140"
          height="60"/>
      <archimateElement
          xsi:type="archimate:BusinessFunction"
          href="BusinessFunction_489.xml#489"/>
    </children>
    <children
        xsi:type="archimate:DiagramModelArchimateObject"
        id="3738"
        targetConnections="3746 3757 3750">
      <sourceConnections
          xsi:type="archimate:DiagramModelArchimateConnection"
          id="3751"
          font="1|Arial|8.0|0|WINDOWS|1|0|0|0|0|0|0|0|0|1|0|0|0|0|Arial"
          source="3738"
          target="3735">
        <bendpoints
            startX="-92"
            startY="48"
            endX="87"
            endY="48"/>
        <archimateRelationship
            xsi:type="archimate:FlowRelationship"
            href="FlowRelationship_1788.xml#1788"/>
      </sourceConnections>
      <sourceConnections
          xsi:type="archimate:DiagramModelArchimateConnection"
          id="3747"
          source="3738"
          target="3736">
        <bendpoints
            startX="28"
            startY="-61"
            endX="27"
            endY="59"/>
        <archimateRelationship
            xsi:type="archimate:FlowRelationship"
            href="FlowRelationship_1770.xml#1770"/>
      </sourceConnections>
      <sourceConnections
          xsi:type="archimate:DiagramModelArchimateConnection"
          id="3756"
          source="3738"
          target="3732">
        <bendpoints
            startX="106"
            startY="-12"
            endX="-110"
            endY="-22"/>
        <archimateRelationship
            xsi:type="archimate:FlowRelationship"
            href="FlowRelationship_1776.xml#1776"/>
      </sourceConnections>
      <bounds
          x="196"
          y="260"
          width="147"
          height="60"/>
      <archimateElement
          xsi:type="archimate:BusinessFunction"
          href="BusinessFunction_501.xml#501"/>
    </children>
    <archimateElement
        xsi:type="archimate:BusinessRole"
        href="BusinessRole_514.xml#514"/>
  </children>
  <children
      xsi:type="archimate:DiagramModelArchimateObject"
      id="3741"
      targetConnections="3752 3759">
    <sourceConnections
        xsi:type="archimate:DiagramModelArchimateConnection"
        id="3758"
        font="1|Arial|8.0|0|WINDOWS|1|0|0|0|0|0|0|0|0|1|0|0|0|0|Arial"
        source="3741"
        target="3740">
      <bendpoints
          startX="87"
          startY="-85"
          endX="-123"/>
      <archimateRelationship
          xsi:type="archimate:FlowRelationship"
          href="FlowRelationship_1780.xml#1780"/>
    </sourceConnections>
    <sourceConnections
        xsi:type="archimate:DiagramModelArchimateConnection"
        id="3753"
        font="1|Arial|8.0|0|WINDOWS|1|0|0|0|0|0|0|0|0|1|0|0|0|0|Arial"
        source="3741"
        target="3731">
      <bendpoints
          startX="93"
          startY="-194"
          endX="-512"
          endY="-119"/>
      <bendpoints
          startX="272"
          startY="-193"
          endX="-333"
          endY="-118"/>
      <bendpoints
          startX="466"
          startY="-193"
          endX="-139"
          endY="-118"/>
      <archimateRelationship
          xsi:type="archimate:FlowRelationship"
          href="FlowRelationship_1750.xml#1750"/>
    </sourceConnections>
    <bounds
        x="20"
        y="30"
        width="120"
        height="450"/>
    <archimateElement
        xsi:type="archimate:BusinessRole"
        href="BusinessRole_507.xml#507"/>
  </children>
  <children
      xsi:type="archimate:DiagramModelArchimateObject"
      id="3731"
      targetConnections="3753 3754 3760">
    <sourceConnections
        xsi:type="archimate:DiagramModelArchimateConnection"
        id="3752"
        font="1|Arial|8.0|0|WINDOWS|1|0|0|0|0|0|0|0|0|1|0|0|0|0|Arial"
        source="3731"
        target="3741">
      <bendpoints
          startX="-136"
          startY="-92"
          endX="469"
          endY="-167"/>
      <bendpoints
          startX="-335"
          startY="-92"
          endX="270"
          endY="-167"/>
      <bendpoints
          startX="-502"
          startY="-95"
          endX="103"
          endY="-170"/>
      <archimateRelationship
          xsi:type="archimate:FlowRelationship"
          href="FlowRelationship_1752.xml#1752"/>
    </sourceConnections>
    <sourceConnections
        xsi:type="archimate:DiagramModelArchimateConnection"
        id="3755"
        font="1|Arial|8.0|0|WINDOWS|1|0|0|0|0|0|0|0|0|1|0|0|0|0|Arial"
        source="3731"
        target="3739">
      <bendpoints
          startX="-100"
          startY="-45"
          endX="115"
          endY="-35"/>
      <archimateRelationship
          xsi:type="archimate:FlowRelationship"
          href="FlowRelationship_1772.xml#1772"/>
    </sourceConnections>
    <bounds
        x="610"
        y="30"
        width="150"
        height="300"/>
    <archimateElement
        xsi:type="archimate:BusinessRole"
        href="BusinessRole_521.xml#521"/>
  </children>
</archimate:ArchimateDiagramModel>
