<archimate:ArchimateDiagramModel
    xmlns:xsi="http://www.w3.org/2001/XMLSchema-instance"
    xmlns:archimate="http://www.archimatetool.com/archimate"
    name="Implementation and Installation View"
    id="4318"
    viewpoint="10">
  <children
      xsi:type="archimate:DiagramModelArchimateObject"
      id="4333"
      targetConnections="2b90e415"
      fillColor="#ff8080">
    <sourceConnections
        xsi:type="archimate:DiagramModelArchimateConnection"
        id="24573deb"
        source="4333"
        target="4334">
      <archimateRelationship
          xsi:type="archimate:AssociationRelationship"
          href="AssociationRelationship_3fb2a575.xml#3fb2a575"/>
    </sourceConnections>
    <bounds
        x="390"
        y="270"
        width="80"
        height="60"/>
    <archimateElement
        xsi:type="archimate:Node"
        href="Node_1004.xml#1004"/>
  </children>
  <children
      xsi:type="archimate:DiagramModelArchimateObject"
      id="4335">
    <sourceConnections
        xsi:type="archimate:DiagramModelArchimateConnection"
        id="7d154b51"
        source="4335"
        target="4330">
      <archimateRelationship
          xsi:type="archimate:AssociationRelationship"
          href="AssociationRelationship_ec3fef51.xml#ec3fef51"/>
    </sourceConnections>
    <bounds
        x="30"
        y="150"
        width="160"
        height="90"/>
    <children
        xsi:type="archimate:DiagramModelArchimateObject"
        id="4337">
      <sourceConnections
          xsi:type="archimate:DiagramModelArchimateConnection"
          id="4345"
          source="4337"
          target="4328">
        <archimateRelationship
            xsi:type="archimate:RealizationRelationship"
            href="RealizationRelationship_1879.xml#1879"/>
      </sourceConnections>
      <bounds
          x="30"
          y="35"
          width="100"
          height="43"/>
      <archimateElement
          xsi:type="archimate:SystemSoftware"
          href="SystemSoftware_1870.xml#1870"/>
    </children>
    <archimateElement
        xsi:type="archimate:Node"
        href="Node_992.xml#992"/>
  </children>
  <children
      xsi:type="archimate:DiagramModelArchimateObject"
      id="4334"
      targetConnections="24573deb">
    <sourceConnections
        xsi:type="archimate:DiagramModelArchimateConnection"
        id="ffc29015"
        source="4334"
        target="4338">
      <archimateRelationship
          xsi:type="archimate:AssociationRelationship"
          href="AssociationRelationship_dd9c00de.xml#dd9c00de"/>
    </sourceConnections>
    <bounds
        x="500"
        y="280"
        width="80"
        height="40"/>
    <archimateElement
        xsi:type="archimate:CommunicationNetwork"
        href="CommunicationNetwork_1101.xml#1101"/>
  </children>
  <children
      xsi:type="archimate:DiagramModelArchimateObject"
      id="4338"
      targetConnections="ffc29015">
    <sourceConnections
        xsi:type="archimate:DiagramModelArchimateConnection"
        id="4347"
        source="4338"
        target="4327">
      <archimateRelationship
          xsi:type="archimate:RealizationRelationship"
          href="RealizationRelationship_1892.xml#1892"/>
    </sourceConnections>
    <bounds
        x="486"
        y="185"
        width="108"
        height="55"/>
    <archimateElement
        xsi:type="archimate:Device"
        href="Device_1882.xml#1882"/>
  </children>
  <children
      xsi:type="archimate:DiagramModelArchimateObject"
      id="4328"
      targetConnections="4345">
    <bounds
        x="50"
        y="30"
        width="120"
        height="60"/>
    <archimateElement
        xsi:type="archimate:ApplicationComponent"
        href="ApplicationComponent_1399.xml#1399"/>
  </children>
  <children
      xsi:type="archimate:DiagramModelArchimateObject"
      id="4329"
      targetConnections="95706a03">
    <bounds
        x="60"
        y="370"
        width="100"
        height="60"/>
    <archimateElement
        xsi:type="archimate:Device"
        href="Device_1065.xml#1065"/>
  </children>
  <children
      xsi:type="archimate:DiagramModelArchimateObject"
      id="4330"
      targetConnections="7d154b51">
    <sourceConnections
        xsi:type="archimate:DiagramModelArchimateConnection"
        id="95706a03"
        source="4330"
        target="4329">
      <archimateRelationship
          xsi:type="archimate:AssociationRelationship"
          href="AssociationRelationship_80c919e4.xml#80c919e4"/>
    </sourceConnections>
    <sourceConnections
        xsi:type="archimate:DiagramModelArchimateConnection"
        id="748cbcc8"
        source="4330"
        target="4331">
      <archimateRelationship
          xsi:type="archimate:AssociationRelationship"
          href="AssociationRelationship_197b66d6.xml#197b66d6"/>
    </sourceConnections>
    <bounds
        x="70"
        y="280"
        width="80"
        height="40"/>
    <archimateElement
        xsi:type="archimate:CommunicationNetwork"
        href="CommunicationNetwork_1089.xml#1089"/>
  </children>
  <children
      xsi:type="archimate:DiagramModelArchimateObject"
      id="4332"
      targetConnections="1b4d9427">
    <sourceConnections
        xsi:type="archimate:DiagramModelArchimateConnection"
        id="2b90e415"
        source="4332"
        target="4333">
      <archimateRelationship
          xsi:type="archimate:AssociationRelationship"
          href="AssociationRelationship_2dd4031d.xml#2dd4031d"/>
    </sourceConnections>
    <bounds
        x="280"
        y="280"
        width="80"
        height="40"/>
    <archimateElement
        xsi:type="archimate:CommunicationNetwork"
        href="CommunicationNetwork_1095.xml#1095"/>
  </children>
  <children
      xsi:type="archimate:DiagramModelArchimateObject"
      id="4327"
      targetConnections="4347">
    <bounds
        x="480"
        y="30"
        width="120"
        height="60"/>
    <archimateElement
        xsi:type="archimate:ApplicationComponent"
        href="ApplicationComponent_1813.xml#1813"/>
  </children>
  <children
      xsi:type="archimate:DiagramModelArchimateObject"
      id="4331"
      targetConnections="748cbcc8"
      fillColor="#ff8080">
    <sourceConnections
        xsi:type="archimate:DiagramModelArchimateConnection"
        id="1b4d9427"
        source="4331"
        target="4332">
      <archimateRelationship
          xsi:type="archimate:AssociationRelationship"
          href="AssociationRelationship_e479d313.xml#e479d313"/>
    </sourceConnections>
    <bounds
        x="170"
        y="270"
        width="80"
        height="60"/>
    <archimateElement
        xsi:type="archimate:Node"
        href="Node_998.xml#998"/>
  </children>
</archimate:ArchimateDiagramModel>
