<archimate:ArchimateDiagramModel
    xmlns:xsi="http://www.w3.org/2001/XMLSchema-instance"
    xmlns:archimate="http://www.archimatetool.com/archimate"
    name="Technical Infrastructure View"
    id="3893"
    viewpoint="13">
  <children
      xsi:type="archimate:DiagramModelArchimateObject"
      id="3903"
      targetConnections="3940"
      fillColor="#008040">
    <bounds
        x="180"
        y="20"
        width="120"
        height="40"/>
    <archimateElement
        xsi:type="archimate:TechnologyService"
        href="TechnologyService_1110.xml#1110"/>
  </children>
  <children
      xsi:type="archimate:DiagramModelArchimateObject"
      id="3904"
      targetConnections="3939"
      fillColor="#008040">
    <bounds
        x="330"
        y="20"
        width="120"
        height="40"/>
    <archimateElement
        xsi:type="archimate:TechnologyService"
        href="TechnologyService_1116.xml#1116"/>
  </children>
  <children
      xsi:type="archimate:DiagramModelArchimateObject"
      id="3905"
      targetConnections="3941"
      fillColor="#008040">
    <bounds
        x="30"
        y="20"
        width="120"
        height="40"/>
    <archimateElement
        xsi:type="archimate:TechnologyService"
        href="TechnologyService_1128.xml#1128"/>
  </children>
  <children
      xsi:type="archimate:DiagramModelArchimateObject"
      id="3902"
      targetConnections="c9033075">
    <sourceConnections
        xsi:type="archimate:DiagramModelArchimateConnection"
        id="4ea5e480"
        source="3902"
        target="3931">
      <archimateRelationship
          xsi:type="archimate:AssociationRelationship"
          href="AssociationRelationship_2dd4031d.xml#2dd4031d"/>
    </sourceConnections>
    <bounds
        x="468"
        y="264"
        width="80"
        height="40"/>
    <archimateElement
        xsi:type="archimate:CommunicationNetwork"
        href="CommunicationNetwork_1095.xml#1095"/>
  </children>
  <children
      xsi:type="archimate:DiagramModelGroup"
      id="3924"
      name="Intermediary"
      fillColor="#dafecb">
    <bounds
        x="570"
        y="210"
        width="370"
        height="130"/>
    <children
        xsi:type="archimate:DiagramModelArchimateObject"
        id="3932"
        targetConnections="abdbdffd">
      <bounds
          x="276"
          y="48"
          width="80"
          height="50"/>
      <archimateElement
          xsi:type="archimate:Device"
          href="Device_1071.xml#1071"/>
    </children>
    <children
        xsi:type="archimate:DiagramModelArchimateObject"
        id="3931"
        targetConnections="4ea5e480"
        fillColor="#ff8080">
      <sourceConnections
          xsi:type="archimate:DiagramModelArchimateConnection"
          id="730fd735"
          source="3931"
          target="3930">
        <archimateRelationship
            xsi:type="archimate:AssociationRelationship"
            href="AssociationRelationship_3fb2a575.xml#3fb2a575"/>
      </sourceConnections>
      <bounds
          x="20"
          y="43"
          width="90"
          height="60"/>
      <archimateElement
          xsi:type="archimate:Node"
          href="Node_1004.xml#1004"/>
    </children>
    <children
        xsi:type="archimate:DiagramModelArchimateObject"
        id="3930"
        targetConnections="730fd735">
      <sourceConnections
          xsi:type="archimate:DiagramModelArchimateConnection"
          id="abdbdffd"
          source="3930"
          target="3932">
        <archimateRelationship
            xsi:type="archimate:AssociationRelationship"
            href="AssociationRelationship_7e50c753.xml#7e50c753"/>
      </sourceConnections>
      <bounds
          x="140"
          y="53"
          width="80"
          height="40"/>
      <archimateElement
          xsi:type="archimate:CommunicationNetwork"
          href="CommunicationNetwork_1101.xml#1101"/>
    </children>
  </children>
  <children
      xsi:type="archimate:DiagramModelGroup"
      id="3906"
      name="Archisurance"
      fillColor="#dafecb">
    <bounds
        x="10"
        y="90"
        width="450"
        height="420"/>
    <children
        xsi:type="archimate:DiagramModelArchimateObject"
        id="3912"
        targetConnections="44904351">
      <sourceConnections
          xsi:type="archimate:DiagramModelArchimateConnection"
          id="98a08345"
          source="3912"
          target="3917">
        <archimateRelationship
            xsi:type="archimate:AssociationRelationship"
            href="AssociationRelationship_197b66d6.xml#197b66d6"/>
      </sourceConnections>
      <bounds
          x="190"
          y="173"
          width="80"
          height="40"/>
      <archimateElement
          xsi:type="archimate:CommunicationNetwork"
          href="CommunicationNetwork_1089.xml#1089"/>
    </children>
    <children
        xsi:type="archimate:DiagramModelArchimateObject"
        id="3919"
        fillColor="#008040">
      <sourceConnections
          xsi:type="archimate:DiagramModelArchimateConnection"
          id="3941"
          source="3919"
          target="3905">
        <archimateRelationship
            xsi:type="archimate:RealizationRelationship"
            href="RealizationRelationship_1136.xml#1136"/>
      </sourceConnections>
      <sourceConnections
          xsi:type="archimate:DiagramModelArchimateConnection"
          id="44904351"
          source="3919"
          target="3912">
        <archimateRelationship
            xsi:type="archimate:AssociationRelationship"
            href="AssociationRelationship_670aa5ed.xml#670aa5ed"/>
      </sourceConnections>
      <bounds
          x="20"
          y="93"
          width="120"
          height="200"/>
      <children
          xsi:type="archimate:DiagramModelArchimateObject"
          id="3923">
        <bounds
            x="8"
            y="140"
            width="93"
            height="38"/>
        <archimateElement
            xsi:type="archimate:SystemSoftware"
            href="SystemSoftware_1010.xml#1010"/>
      </children>
      <children
          xsi:type="archimate:DiagramModelArchimateObject"
          id="3921">
        <bounds
            x="10"
            y="40"
            width="90"
            height="40"/>
        <archimateElement
            xsi:type="archimate:SystemSoftware"
            href="SystemSoftware_1022.xml#1022"/>
      </children>
      <children
          xsi:type="archimate:DiagramModelArchimateObject"
          id="3922">
        <bounds
            x="10"
            y="90"
            width="90"
            height="40"/>
        <archimateElement
            xsi:type="archimate:SystemSoftware"
            href="SystemSoftware_1016.xml#1016"/>
      </children>
      <archimateElement
          xsi:type="archimate:Node"
          href="Node_986.xml#986"/>
    </children>
    <children
        xsi:type="archimate:DiagramModelArchimateObject"
        id="3918">
      <sourceConnections
          xsi:type="archimate:DiagramModelArchimateConnection"
          id="3940"
          source="3918"
          target="3903">
        <archimateRelationship
            xsi:type="archimate:RealizationRelationship"
            href="RealizationRelationship_1127.xml#1127"/>
      </sourceConnections>
      <bounds
          x="180"
          y="43"
          width="100"
          height="60"/>
      <archimateElement
          xsi:type="archimate:Device"
          href="Device_1065.xml#1065"/>
    </children>
    <children
        xsi:type="archimate:DiagramModelArchimateObject"
        id="3913"
        fillColor="#008040">
      <bounds
          x="120"
          y="303"
          width="220"
          height="90"/>
      <children
          xsi:type="archimate:DiagramModelArchimateObject"
          id="3916">
        <bounds
            x="110"
            y="30"
            width="80"
            height="50"/>
        <archimateElement
            xsi:type="archimate:Device"
            href="Device_1059.xml#1059"/>
      </children>
      <children
          xsi:type="archimate:DiagramModelArchimateObject"
          id="3915">
        <bounds
            x="10"
            y="30"
            width="80"
            height="50"/>
        <archimateElement
            xsi:type="archimate:Device"
            href="Device_1053.xml#1053"/>
      </children>
      <archimateElement
          xsi:type="archimate:Node"
          href="Node_992.xml#992"/>
    </children>
    <children
        xsi:type="archimate:DiagramModelArchimateObject"
        id="3917"
        targetConnections="98a08345"
        fillColor="#ff8080">
      <sourceConnections
          xsi:type="archimate:DiagramModelArchimateConnection"
          id="3939"
          source="3917"
          target="3904">
        <archimateRelationship
            xsi:type="archimate:RealizationRelationship"
            href="RealizationRelationship_1125.xml#1125"/>
      </sourceConnections>
      <sourceConnections
          xsi:type="archimate:DiagramModelArchimateConnection"
          id="c9033075"
          source="3917"
          target="3902">
        <archimateRelationship
            xsi:type="archimate:AssociationRelationship"
            href="AssociationRelationship_e479d313.xml#e479d313"/>
      </sourceConnections>
      <bounds
          x="330"
          y="163"
          width="100"
          height="60"/>
      <archimateElement
          xsi:type="archimate:Node"
          href="Node_998.xml#998"/>
    </children>
  </children>
</archimate:ArchimateDiagramModel>
