<archimate:ArchimateDiagramModel
    xmlns:xsi="http://www.w3.org/2001/XMLSchema-instance"
    xmlns:archimate="http://www.archimatetool.com/archimate"
    name="Business Product View"
    id="3999"
    viewpoint="9">
  <children
      xsi:type="archimate:DiagramModelArchimateObject"
      id="4009">
    <sourceConnections
        xsi:type="archimate:DiagramModelArchimateConnection"
        id="4024"
        source="4009"
        target="4008">
      <archimateRelationship
          xsi:type="archimate:AssociationRelationship"
          href="AssociationRelationship_1259.xml#1259"/>
    </sourceConnections>
    <bounds
        x="200"
        y="30"
        width="120"
        height="50"/>
    <archimateElement
        xsi:type="archimate:BusinessRole"
        href="BusinessRole_521.xml#521"/>
  </children>
  <children
      xsi:type="archimate:DiagramModelArchimateObject"
      id="4008"
      targetConnections="4024">
    <sourceConnections
        xsi:type="archimate:DiagramModelArchimateConnection"
        id="4023"
        source="4008"
        target="4020">
      <archimateRelationship
          xsi:type="archimate:AssociationRelationship"
          href="AssociationRelationship_1274.xml#1274"/>
    </sourceConnections>
    <bounds
        x="211"
        y="120"
        width="97"
        height="49"/>
    <archimateElement
        xsi:type="archimate:Value"
        href="Value_1250.xml#1250"/>
  </children>
  <children
      xsi:type="archimate:DiagramModelGroup"
      id="4010"
      name="Travel Insurance">
    <bounds
        x="40"
        y="200"
        width="670"
        height="210"/>
    <children
        xsi:type="archimate:DiagramModelArchimateObject"
        id="4017"
        fillColor="#008080">
      <bounds
          x="336"
          y="51"
          width="104"
          height="53"/>
      <archimateElement
          xsi:type="archimate:BusinessService"
          href="BusinessService_1214.xml#1214"/>
    </children>
    <children
        xsi:type="archimate:DiagramModelArchimateObject"
        id="4016"
        fillColor="#0080c0">
      <bounds
          x="480"
          y="83"
          width="150"
          height="80"/>
      <archimateElement
          xsi:type="archimate:Contract"
          href="Contract_1239.xml#1239"/>
    </children>
    <children
        xsi:type="archimate:DiagramModelArchimateObject"
        id="4018"
        fillColor="#008080">
      <bounds
          x="336"
          y="131"
          width="104"
          height="53"/>
      <archimateElement
          xsi:type="archimate:BusinessService"
          href="BusinessService_1226.xml#1226"/>
    </children>
    <children
        xsi:type="archimate:DiagramModelArchimateObject"
        id="4019"
        fillColor="#008080">
      <bounds
          x="170"
          y="131"
          width="100"
          height="53"/>
      <archimateElement
          xsi:type="archimate:BusinessService"
          href="BusinessService_1220.xml#1220"/>
    </children>
    <children
        xsi:type="archimate:DiagramModelArchimateObject"
        id="4022"
        fillColor="#008080">
      <bounds
          x="20"
          y="51"
          width="113"
          height="53"/>
      <archimateElement
          xsi:type="archimate:BusinessService"
          href="BusinessService_1196.xml#1196"/>
    </children>
    <children
        xsi:type="archimate:DiagramModelArchimateObject"
        id="4020"
        targetConnections="4023"
        fillColor="#008080">
      <bounds
          x="170"
          y="51"
          width="100"
          height="53"/>
      <archimateElement
          xsi:type="archimate:BusinessService"
          href="BusinessService_1208.xml#1208"/>
    </children>
    <children
        xsi:type="archimate:DiagramModelArchimateObject"
        id="4021"
        fillColor="#008080">
      <bounds
          x="20"
          y="131"
          width="113"
          height="53"/>
      <archimateElement
          xsi:type="archimate:BusinessService"
          href="BusinessService_1202.xml#1202"/>
    </children>
  </children>
</archimate:ArchimateDiagramModel>
