<archimate:ArchimateDiagramModel
    xmlns:xsi="http://www.w3.org/2001/XMLSchema-instance"
    xmlns:archimate="http://www.archimatetool.com/archimate"
    name="Goal and Principle View"
    id="16fe3cf9"
    viewpoint="22">
  <children
      xsi:type="archimate:DiagramModelGroup"
      id="ecc8b6ec"
      name="Products &amp; Services Goals">
    <bounds
        x="36"
        y="12"
        width="400"
        height="196"/>
    <children
        xsi:type="archimate:DiagramModelArchimateObject"
        id="859942c2">
      <bounds
          x="24"
          y="72"
          width="140"
          height="55"/>
      <archimateElement
          xsi:type="archimate:Principle"
          href="Principle_f5674126.xml#f5674126"/>
    </children>
    <children
        xsi:type="archimate:DiagramModelArchimateObject"
        id="da42643d">
      <bounds
          x="204"
          y="36"
          width="140"
          height="55"/>
      <archimateElement
          xsi:type="archimate:Principle"
          href="Principle_3938617c.xml#3938617c"/>
    </children>
    <children
        xsi:type="archimate:DiagramModelArchimateObject"
        id="84fa8477">
      <bounds
          x="204"
          y="108"
          width="140"
          height="55"/>
      <archimateElement
          xsi:type="archimate:Principle"
          href="Principle_67316f1f.xml#67316f1f"/>
    </children>
  </children>
  <children
      xsi:type="archimate:DiagramModelGroup"
      id="9c7d3573"
      name="Financial Goals">
    <bounds
        x="36"
        y="228"
        width="400"
        height="196"/>
    <children
        xsi:type="archimate:DiagramModelArchimateObject"
        id="55a6859d">
      <bounds
          x="24"
          y="72"
          width="140"
          height="55"/>
      <archimateElement
          xsi:type="archimate:Principle"
          href="Principle_b56d54a6.xml#b56d54a6"/>
    </children>
    <children
        xsi:type="archimate:DiagramModelArchimateObject"
        id="6c34185b">
      <bounds
          x="204"
          y="36"
          width="140"
          height="55"/>
      <archimateElement
          xsi:type="archimate:Principle"
          href="Principle_3764dcef.xml#3764dcef"/>
    </children>
    <children
        xsi:type="archimate:DiagramModelArchimateObject"
        id="316e19d2">
      <bounds
          x="204"
          y="108"
          width="140"
          height="55"/>
      <archimateElement
          xsi:type="archimate:Principle"
          href="Principle_712d4eec.xml#712d4eec"/>
    </children>
  </children>
  <children
      xsi:type="archimate:DiagramModelGroup"
      id="aaabac4c"
      name="ICT-Goals">
    <bounds
        x="36"
        y="468"
        width="400"
        height="196"/>
    <children
        xsi:type="archimate:DiagramModelArchimateObject"
        id="4c3db4dc">
      <bounds
          x="24"
          y="72"
          width="140"
          height="55"/>
      <archimateElement
          xsi:type="archimate:Principle"
          href="Principle_66a2171b.xml#66a2171b"/>
    </children>
    <children
        xsi:type="archimate:DiagramModelArchimateObject"
        id="961adbd9">
      <bounds
          x="204"
          y="36"
          width="140"
          height="55"/>
      <archimateElement
          xsi:type="archimate:Principle"
          href="Principle_af0e8c76.xml#af0e8c76"/>
    </children>
    <children
        xsi:type="archimate:DiagramModelArchimateObject"
        id="39407926">
      <bounds
          x="204"
          y="108"
          width="140"
          height="55"/>
      <archimateElement
          xsi:type="archimate:Principle"
          href="Principle_3db08b5c.xml#3db08b5c"/>
    </children>
  </children>
</archimate:ArchimateDiagramModel>
