<archimate:ArchimateDiagramModel
    xmlns:xsi="http://www.w3.org/2001/XMLSchema-instance"
    xmlns:archimate="http://www.archimatetool.com/archimate"
    name="Organisation Tree View"
    id="3965"
    viewpoint="15">
  <children
      xsi:type="archimate:DiagramModelArchimateObject"
      id="3974"
      font="1|Arial|8.0|0|WINDOWS|1|0|0|0|0|0|0|0|0|1|0|0|0|0|Arial"
      fillColor="#8080ff">
    <sourceConnections
        xsi:type="archimate:DiagramModelArchimateConnection"
        id="3989"
        source="3974"
        target="3976">
      <archimateRelationship
          xsi:type="archimate:AssociationRelationship"
          href="AssociationRelationship_445.xml#445"/>
    </sourceConnections>
    <sourceConnections
        xsi:type="archimate:DiagramModelArchimateConnection"
        id="3991"
        source="3974"
        target="3979">
      <archimateRelationship
          xsi:type="archimate:AssociationRelationship"
          href="AssociationRelationship_449.xml#449"/>
    </sourceConnections>
    <sourceConnections
        xsi:type="archimate:DiagramModelArchimateConnection"
        id="3988"
        source="3974"
        target="3975">
      <archimateRelationship
          xsi:type="archimate:AssociationRelationship"
          href="AssociationRelationship_443.xml#443"/>
    </sourceConnections>
    <sourceConnections
        xsi:type="archimate:DiagramModelArchimateConnection"
        id="3987"
        source="3974"
        target="3978">
      <archimateRelationship
          xsi:type="archimate:AssociationRelationship"
          href="AssociationRelationship_437.xml#437"/>
    </sourceConnections>
    <sourceConnections
        xsi:type="archimate:DiagramModelArchimateConnection"
        id="3990"
        source="3974"
        target="3977">
      <archimateRelationship
          xsi:type="archimate:AssociationRelationship"
          href="AssociationRelationship_447.xml#447"/>
    </sourceConnections>
    <bounds
        x="480"
        y="20"
        width="100"
        height="40"/>
    <archimateElement
        xsi:type="archimate:BusinessActor"
        href="BusinessActor_402.xml#402"/>
  </children>
  <children
      xsi:type="archimate:DiagramModelArchimateObject"
      id="3984"
      targetConnections="3996"
      font="1|Arial|8.0|0|WINDOWS|1|0|0|0|0|0|0|0|0|1|0|0|0|0|Arial"
      fillColor="#0080c0">
    <bounds
        x="540"
        y="250"
        width="100"
        height="40"/>
    <archimateElement
        xsi:type="archimate:BusinessActor"
        href="BusinessActor_317.xml#317"/>
  </children>
  <children
      xsi:type="archimate:DiagramModelArchimateObject"
      id="3985"
      targetConnections="3997"
      font="1|Arial|8.0|0|WINDOWS|1|0|0|0|0|0|0|0|0|1|0|0|0|0|Arial"
      fillColor="#0080c0">
    <bounds
        x="650"
        y="250"
        width="100"
        height="40"/>
    <archimateElement
        xsi:type="archimate:BusinessActor"
        href="BusinessActor_352.xml#352"/>
  </children>
  <children
      xsi:type="archimate:DiagramModelArchimateObject"
      id="3986"
      targetConnections="3998"
      font="1|Arial|8.0|0|WINDOWS|1|0|0|0|0|0|0|0|0|1|0|0|0|0|Arial"
      fillColor="#804040">
    <bounds
        x="780"
        y="250"
        width="100"
        height="40"/>
    <archimateElement
        xsi:type="archimate:BusinessActor"
        href="BusinessActor_331.xml#331"/>
  </children>
  <children
      xsi:type="archimate:DiagramModelArchimateObject"
      id="3976"
      targetConnections="3989"
      font="1|Arial|8.0|0|WINDOWS|1|0|0|0|0|0|0|0|0|1|0|0|0|0|Arial"
      fillColor="#ff8040">
    <bounds
        x="730"
        y="50"
        width="100"
        height="40"/>
    <archimateElement
        xsi:type="archimate:BusinessActor"
        href="BusinessActor_345.xml#345"/>
  </children>
  <children
      xsi:type="archimate:DiagramModelArchimateObject"
      id="3977"
      targetConnections="3990"
      font="1|Arial|8.0|0|WINDOWS|1|0|0|0|0|0|0|0|0|1|0|0|0|0|Arial"
      fillColor="#ffff80">
    <sourceConnections
        xsi:type="archimate:DiagramModelArchimateConnection"
        id="3993"
        source="3977"
        target="3981">
      <archimateRelationship
          xsi:type="archimate:AssociationRelationship"
          href="AssociationRelationship_460.xml#460"/>
    </sourceConnections>
    <sourceConnections
        xsi:type="archimate:DiagramModelArchimateConnection"
        id="3992"
        source="3977"
        target="3980">
      <archimateRelationship
          xsi:type="archimate:AssociationRelationship"
          href="AssociationRelationship_458.xml#458"/>
    </sourceConnections>
    <bounds
        x="120"
        y="170"
        width="100"
        height="40"/>
    <archimateElement
        xsi:type="archimate:BusinessActor"
        href="BusinessActor_409.xml#409"/>
  </children>
  <children
      xsi:type="archimate:DiagramModelArchimateObject"
      id="3975"
      targetConnections="3988"
      font="1|Arial|8.0|0|WINDOWS|1|0|0|0|0|0|0|0|0|1|0|0|0|0|Arial"
      fillColor="#ff8040">
    <bounds
        x="204"
        y="47"
        width="116"
        height="44"/>
    <archimateElement
        xsi:type="archimate:BusinessActor"
        href="BusinessActor_338.xml#338"/>
  </children>
  <children
      xsi:type="archimate:DiagramModelArchimateObject"
      id="3979"
      targetConnections="3991"
      font="1|Arial|8.0|0|WINDOWS|1|0|0|0|0|0|0|0|0|1|0|0|0|0|Arial"
      fillColor="#804040">
    <sourceConnections
        xsi:type="archimate:DiagramModelArchimateConnection"
        id="3998"
        source="3979"
        target="3986">
      <archimateRelationship
          xsi:type="archimate:AssociationRelationship"
          href="AssociationRelationship_470.xml#470"/>
    </sourceConnections>
    <bounds
        x="768"
        y="170"
        width="124"
        height="40"/>
    <archimateElement
        xsi:type="archimate:BusinessActor"
        href="BusinessActor_423.xml#423"/>
  </children>
  <children
      xsi:type="archimate:DiagramModelArchimateObject"
      id="3982"
      targetConnections="3994"
      font="1|Arial|8.0|0|WINDOWS|1|0|0|0|0|0|0|0|0|1|0|0|0|0|Arial"
      fillColor="#0080c0">
    <bounds
        x="320"
        y="250"
        width="100"
        height="40"/>
    <archimateElement
        xsi:type="archimate:BusinessActor"
        href="BusinessActor_303.xml#303"/>
  </children>
  <children
      xsi:type="archimate:DiagramModelArchimateObject"
      id="3983"
      targetConnections="3995"
      font="1|Arial|8.0|0|WINDOWS|1|0|0|0|0|0|0|0|0|1|0|0|0|0|Arial"
      fillColor="#0080c0">
    <bounds
        x="430"
        y="250"
        width="100"
        height="40"/>
    <archimateElement
        xsi:type="archimate:BusinessActor"
        href="BusinessActor_310.xml#310"/>
  </children>
  <children
      xsi:type="archimate:DiagramModelArchimateObject"
      id="3980"
      targetConnections="3992"
      font="1|Arial|8.0|0|WINDOWS|1|0|0|0|0|0|0|0|0|1|0|0|0|0|Arial"
      fillColor="#ffff80">
    <bounds
        x="10"
        y="250"
        width="126"
        height="40"/>
    <archimateElement
        xsi:type="archimate:BusinessActor"
        href="BusinessActor_282.xml#282"/>
  </children>
  <children
      xsi:type="archimate:DiagramModelArchimateObject"
      id="3981"
      targetConnections="3993"
      font="1|Arial|8.0|0|WINDOWS|1|0|0|0|0|0|0|0|0|1|0|0|0|0|Arial"
      fillColor="#ffff80">
    <bounds
        x="150"
        y="250"
        width="139"
        height="40"/>
    <archimateElement
        xsi:type="archimate:BusinessActor"
        href="BusinessActor_289.xml#289"/>
  </children>
  <children
      xsi:type="archimate:DiagramModelArchimateObject"
      id="3978"
      targetConnections="3987"
      font="1|Arial|8.0|0|WINDOWS|1|0|0|0|0|0|0|0|0|1|0|0|0|0|Arial"
      fillColor="#0080c0">
    <sourceConnections
        xsi:type="archimate:DiagramModelArchimateConnection"
        id="3994"
        source="3978"
        target="3982">
      <archimateRelationship
          xsi:type="archimate:AssociationRelationship"
          href="AssociationRelationship_462.xml#462"/>
    </sourceConnections>
    <sourceConnections
        xsi:type="archimate:DiagramModelArchimateConnection"
        id="3997"
        source="3978"
        target="3985">
      <archimateRelationship
          xsi:type="archimate:AssociationRelationship"
          href="AssociationRelationship_468.xml#468"/>
    </sourceConnections>
    <sourceConnections
        xsi:type="archimate:DiagramModelArchimateConnection"
        id="3996"
        source="3978"
        target="3984">
      <archimateRelationship
          xsi:type="archimate:AssociationRelationship"
          href="AssociationRelationship_466.xml#466"/>
    </sourceConnections>
    <sourceConnections
        xsi:type="archimate:DiagramModelArchimateConnection"
        id="3995"
        source="3978"
        target="3983">
      <archimateRelationship
          xsi:type="archimate:AssociationRelationship"
          href="AssociationRelationship_464.xml#464"/>
    </sourceConnections>
    <bounds
        x="461"
        y="160"
        width="137"
        height="50"/>
    <archimateElement
        xsi:type="archimate:BusinessActor"
        href="BusinessActor_416.xml#416"/>
  </children>
</archimate:ArchimateDiagramModel>
