<archimate:ArchimateDiagramModel
    xmlns:xsi="http://www.w3.org/2001/XMLSchema-instance"
    xmlns:archimate="http://www.archimatetool.com/archimate"
    name="Actor Cooperation view"
    id="4165"
    viewpoint="1">
  <children
      xsi:type="archimate:DiagramModelArchimateObject"
      id="4196"
      targetConnections="40d54571 001e8776">
    <bounds
        x="850"
        y="74"
        width="120"
        height="60"/>
    <archimateElement
        xsi:type="archimate:BusinessRole"
        href="BusinessRole_507.xml#507"/>
  </children>
  <children
      xsi:type="archimate:DiagramModelArchimateObject"
      id="4194">
    <sourceConnections
        xsi:type="archimate:DiagramModelArchimateConnection"
        id="b2305fb4"
        source="4194"
        target="4186">
      <archimateRelationship
          xsi:type="archimate:AggregationRelationship"
          href="AggregationRelationship_81b9d07c.xml#81b9d07c"/>
    </sourceConnections>
    <sourceConnections
        xsi:type="archimate:DiagramModelArchimateConnection"
        id="4a9bb550"
        source="4194"
        target="4195">
      <archimateRelationship
          xsi:type="archimate:AggregationRelationship"
          href="AggregationRelationship_2891eb9f.xml#2891eb9f"/>
    </sourceConnections>
    <bounds
        x="700"
        y="204"
        width="120"
        height="60"/>
    <archimateElement
        xsi:type="archimate:BusinessCollaboration"
        href="BusinessCollaboration_1546.xml#1546"/>
  </children>
  <children
      xsi:type="archimate:DiagramModelArchimateObject"
      id="4195"
      targetConnections="4219 4a9bb550">
    <sourceConnections
        xsi:type="archimate:DiagramModelArchimateConnection"
        id="4220"
        source="4195"
        target="4185">
      <bendpoints
          startX="-79"
          startY="178"
          endX="227"
          endY="-57"/>
      <archimateRelationship
          xsi:type="archimate:FlowRelationship"
          href="FlowRelationship_1636.xml#1636"/>
    </sourceConnections>
    <bounds
        x="850"
        y="204"
        width="139"
        height="60"/>
    <archimateElement
        xsi:type="archimate:BusinessRole"
        href="BusinessRole_528.xml#528"/>
  </children>
  <children
      xsi:type="archimate:DiagramModelArchimateObject"
      id="4193">
    <sourceConnections
        xsi:type="archimate:DiagramModelArchimateConnection"
        id="018ccb3c"
        source="4193"
        target="4197">
      <archimateRelationship
          xsi:type="archimate:ServingRelationship"
          href="ServingRelationship_16871b47.xml#16871b47"/>
    </sourceConnections>
    <sourceConnections
        xsi:type="archimate:DiagramModelArchimateConnection"
        id="c4c32680"
        source="4193"
        target="4186">
      <archimateRelationship
          xsi:type="archimate:AssociationRelationship"
          href="AssociationRelationship_be2dbdfd.xml#be2dbdfd"/>
    </sourceConnections>
    <bounds
        x="200"
        y="224"
        width="20"
        height="21"/>
    <archimateElement
        xsi:type="archimate:BusinessInterface"
        href="BusinessInterface_1544.xml#1544"/>
  </children>
  <children
      xsi:type="archimate:DiagramModelArchimateObject"
      id="4197"
      targetConnections="d9ceaa2d bcc398db 018ccb3c">
    <bounds
        x="8"
        y="74"
        width="120"
        height="60"/>
    <archimateElement
        xsi:type="archimate:BusinessRole"
        href="BusinessRole_521.xml#521"/>
  </children>
  <children
      xsi:type="archimate:DiagramModelArchimateObject"
      id="4191">
    <sourceConnections
        xsi:type="archimate:DiagramModelArchimateConnection"
        id="40d54571"
        source="4191"
        target="4196">
      <archimateRelationship
          xsi:type="archimate:ServingRelationship"
          href="ServingRelationship_09da63b3.xml#09da63b3"/>
    </sourceConnections>
    <sourceConnections
        xsi:type="archimate:DiagramModelArchimateConnection"
        id="d448230f"
        source="4191"
        target="4179">
      <archimateRelationship
          xsi:type="archimate:AssociationRelationship"
          href="AssociationRelationship_58ee7df2.xml#58ee7df2"/>
    </sourceConnections>
    <bounds
        x="710"
        y="74"
        width="20"
        height="27"/>
    <archimateElement
        xsi:type="archimate:BusinessInterface"
        href="BusinessInterface_1540.xml#1540"/>
  </children>
  <children
      xsi:type="archimate:DiagramModelArchimateObject"
      id="4192">
    <sourceConnections
        xsi:type="archimate:DiagramModelArchimateConnection"
        id="001e8776"
        source="4192"
        target="4196">
      <archimateRelationship
          xsi:type="archimate:ServingRelationship"
          href="ServingRelationship_8d85d21d.xml#8d85d21d"/>
    </sourceConnections>
    <sourceConnections
        xsi:type="archimate:DiagramModelArchimateConnection"
        id="e0c99f40"
        source="4192"
        target="4179">
      <archimateRelationship
          xsi:type="archimate:AssociationRelationship"
          href="AssociationRelationship_4a4cdf33.xml#4a4cdf33"/>
    </sourceConnections>
    <bounds
        x="710"
        y="114"
        width="20"
        height="23"/>
    <archimateElement
        xsi:type="archimate:BusinessInterface"
        href="BusinessInterface_1542.xml#1542"/>
  </children>
  <children
      xsi:type="archimate:DiagramModelArchimateObject"
      id="4174"
      font="1|Arial|14.0|0|WINDOWS|1|0|0|0|0|0|0|0|0|1|0|0|0|0|Arial"
      fillColor="#ffff80">
    <bounds
        x="240"
        y="24"
        width="440"
        height="490"/>
    <children
        xsi:type="archimate:DiagramModelArchimateObject"
        id="4188"
        targetConnections="4205"
        fillColor="#ffff00">
      <sourceConnections
          xsi:type="archimate:DiagramModelArchimateConnection"
          id="4206"
          source="4188"
          target="4180">
        <bendpoints
            startX="79"
            startY="-25"
            endX="-81"
            endY="90"/>
        <archimateRelationship
            xsi:type="archimate:FlowRelationship"
            href="FlowRelationship_1648.xml#1648"/>
      </sourceConnections>
      <bounds
          x="20"
          y="420"
          width="80"
          height="50"/>
      <archimateElement
          xsi:type="archimate:BusinessActor"
          href="BusinessActor_345.xml#345"/>
    </children>
    <children
        xsi:type="archimate:DiagramModelArchimateObject"
        id="4187"
        targetConnections="4201"
        fillColor="#ffff00">
      <sourceConnections
          xsi:type="archimate:DiagramModelArchimateConnection"
          id="4200"
          source="4187"
          target="4180">
        <bendpoints
            startX="-16"
            startY="-46"
            endX="-21"
            endY="70"/>
        <archimateRelationship
            xsi:type="archimate:FlowRelationship"
            href="FlowRelationship_1644.xml#1644"/>
      </sourceConnections>
      <bounds
          x="170"
          y="420"
          width="91"
          height="53"/>
      <archimateElement
          xsi:type="archimate:BusinessActor"
          href="BusinessActor_338.xml#338"/>
    </children>
    <children
        xsi:type="archimate:DiagramModelArchimateObject"
        id="4185"
        targetConnections="4209 4220"
        fillColor="#ffff00">
      <sourceConnections
          xsi:type="archimate:DiagramModelArchimateConnection"
          id="4208"
          source="4185"
          target="4180">
        <bendpoints
            startX="-93"
            startY="-39"
            endX="60"
            endY="76"/>
        <archimateRelationship
            xsi:type="archimate:FlowRelationship"
            href="FlowRelationship_1638.xml#1638"/>
      </sourceConnections>
      <sourceConnections
          xsi:type="archimate:DiagramModelArchimateConnection"
          id="4219"
          source="4185"
          target="4195">
        <bendpoints
            startX="265"
            startY="-27"
            endX="-41"
            endY="208"/>
        <archimateRelationship
            xsi:type="archimate:FlowRelationship"
            href="FlowRelationship_1634.xml#1634"/>
      </sourceConnections>
      <bounds
          x="330"
          y="420"
          width="86"
          height="50"/>
      <archimateElement
          xsi:type="archimate:BusinessActor"
          href="BusinessActor_331.xml#331"/>
    </children>
    <children
        xsi:type="archimate:DiagramModelArchimateObject"
        id="4186"
        targetConnections="4202 4198 4207 c4c32680 b2305fb4"
        fillColor="#ffff00">
      <sourceConnections
          xsi:type="archimate:DiagramModelArchimateConnection"
          id="4204"
          source="4186"
          target="4178">
        <bendpoints
            startX="-148"
            startY="-47"
            endX="-35"
            endY="83"/>
        <archimateRelationship
            xsi:type="archimate:FlowRelationship"
            href="FlowRelationship_1618.xml#1618"/>
      </sourceConnections>
      <sourceConnections
          xsi:type="archimate:DiagramModelArchimateConnection"
          id="4199"
          source="4186"
          target="4180">
        <bendpoints
            startX="-87"
            startY="49"
            endX="-87"
            endY="-71"/>
        <archimateRelationship
            xsi:type="archimate:FlowRelationship"
            href="FlowRelationship_1630.xml#1630"/>
      </sourceConnections>
      <sourceConnections
          xsi:type="archimate:DiagramModelArchimateConnection"
          id="4203"
          source="4186"
          target="4179">
        <bendpoints
            startX="57"
            startY="-68"
            endX="-47"
            endY="62"/>
        <archimateRelationship
            xsi:type="archimate:FlowRelationship"
            href="FlowRelationship_1622.xml#1622"/>
      </sourceConnections>
      <bounds
          x="20"
          y="180"
          width="400"
          height="60"/>
      <archimateElement
          xsi:type="archimate:BusinessActor"
          href="BusinessActor_352.xml#352"/>
    </children>
    <children
        xsi:type="archimate:DiagramModelArchimateObject"
        id="4176"
        fillColor="#ffff00">
      <bounds
          x="20"
          y="30"
          width="400"
          height="100"/>
      <children
          xsi:type="archimate:DiagramModelArchimateObject"
          id="4178"
          targetConnections="4204 b1f7a4f1">
        <sourceConnections
            xsi:type="archimate:DiagramModelArchimateConnection"
            id="4207"
            source="4178"
            target="4186">
          <archimateRelationship
              xsi:type="archimate:FlowRelationship"
              href="FlowRelationship_1616.xml#1616"/>
        </sourceConnections>
        <sourceConnections
            xsi:type="archimate:DiagramModelArchimateConnection"
            id="aee60845"
            source="4178"
            target="4189">
          <archimateRelationship
              xsi:type="archimate:AssociationRelationship"
              href="AssociationRelationship_a2243077.xml#a2243077"/>
        </sourceConnections>
        <bounds
            x="10"
            y="20"
            width="155"
            height="60"/>
        <archimateElement
            xsi:type="archimate:BusinessActor"
            href="BusinessActor_282.xml#282"/>
      </children>
      <children
          xsi:type="archimate:DiagramModelArchimateObject"
          id="4179"
          targetConnections="4203 d448230f e0c99f40">
        <sourceConnections
            xsi:type="archimate:DiagramModelArchimateConnection"
            id="4202"
            source="4179"
            target="4186">
          <bendpoints
              startX="44"
              startY="81"
              endX="148"
              endY="-49"/>
          <archimateRelationship
              xsi:type="archimate:FlowRelationship"
              href="FlowRelationship_1620.xml#1620"/>
        </sourceConnections>
        <bounds
            x="220"
            y="20"
            width="169"
            height="60"/>
        <archimateElement
            xsi:type="archimate:BusinessActor"
            href="BusinessActor_289.xml#289"/>
      </children>
      <archimateElement
          xsi:type="archimate:BusinessActor"
          href="BusinessActor_296.xml#296"/>
    </children>
    <children
        xsi:type="archimate:DiagramModelArchimateObject"
        id="4180"
        targetConnections="4208 4206 4199 4200"
        fillColor="#ffff00">
      <sourceConnections
          xsi:type="archimate:DiagramModelArchimateConnection"
          id="4201"
          source="4180"
          target="4187">
        <bendpoints
            startX="9"
            startY="70"
            endX="14"
            endY="-46"/>
        <archimateRelationship
            xsi:type="archimate:FlowRelationship"
            href="FlowRelationship_1652.xml#1652"/>
      </sourceConnections>
      <sourceConnections
          xsi:type="archimate:DiagramModelArchimateConnection"
          id="4209"
          source="4180"
          target="4185">
        <bendpoints
            startX="156"
            startY="71"
            endX="3"
            endY="-44"/>
        <archimateRelationship
            xsi:type="archimate:FlowRelationship"
            href="FlowRelationship_1632.xml#1632"/>
      </sourceConnections>
      <sourceConnections
          xsi:type="archimate:DiagramModelArchimateConnection"
          id="4205"
          source="4180"
          target="4188">
        <bendpoints
            startX="-105"
            startY="64"
            endX="55"
            endY="-51"/>
        <archimateRelationship
            xsi:type="archimate:FlowRelationship"
            href="FlowRelationship_1650.xml#1650"/>
      </sourceConnections>
      <sourceConnections
          xsi:type="archimate:DiagramModelArchimateConnection"
          id="4198"
          source="4180"
          target="4186">
        <bendpoints
            startX="135"
            startY="-73"
            endX="135"
            endY="47"/>
        <archimateRelationship
            xsi:type="archimate:FlowRelationship"
            href="FlowRelationship_1628.xml#1628"/>
      </sourceConnections>
      <bounds
          x="20"
          y="280"
          width="400"
          height="100"/>
      <children
          xsi:type="archimate:DiagramModelArchimateObject"
          id="4184"
          fillColor="#ffff80">
        <bounds
            x="290"
            y="30"
            width="93"
            height="50"/>
        <archimateElement
            xsi:type="archimate:BusinessActor"
            href="BusinessActor_317.xml#317"/>
      </children>
      <children
          xsi:type="archimate:DiagramModelArchimateObject"
          id="4183"
          fillColor="#ffff80">
        <bounds
            x="160"
            y="30"
            width="80"
            height="50"/>
        <archimateElement
            xsi:type="archimate:BusinessActor"
            href="BusinessActor_310.xml#310"/>
      </children>
      <children
          xsi:type="archimate:DiagramModelArchimateObject"
          id="4182"
          fillColor="#ffff80">
        <bounds
            x="10"
            y="30"
            width="78"
            height="53"/>
        <archimateElement
            xsi:type="archimate:BusinessActor"
            href="BusinessActor_303.xml#303"/>
      </children>
      <archimateElement
          xsi:type="archimate:BusinessActor"
          href="BusinessActor_324.xml#324"/>
    </children>
    <archimateElement
        xsi:type="archimate:BusinessActor"
        href="BusinessActor_275.xml#275"/>
  </children>
  <children
      xsi:type="archimate:DiagramModelArchimateObject"
      id="4190">
    <sourceConnections
        xsi:type="archimate:DiagramModelArchimateConnection"
        id="bcc398db"
        source="4190"
        target="4197">
      <archimateRelationship
          xsi:type="archimate:ServingRelationship"
          href="ServingRelationship_7f9b43e9.xml#7f9b43e9"/>
    </sourceConnections>
    <sourceConnections
        xsi:type="archimate:DiagramModelArchimateConnection"
        id="b1f7a4f1"
        source="4190"
        target="4178">
      <archimateRelationship
          xsi:type="archimate:AssociationRelationship"
          href="AssociationRelationship_659978dc.xml#659978dc"/>
    </sourceConnections>
    <bounds
        x="210"
        y="114"
        width="20"
        height="23"/>
    <archimateElement
        xsi:type="archimate:BusinessInterface"
        href="BusinessInterface_1538.xml#1538"/>
  </children>
  <children
      xsi:type="archimate:DiagramModelArchimateObject"
      id="4189"
      targetConnections="aee60845">
    <sourceConnections
        xsi:type="archimate:DiagramModelArchimateConnection"
        id="d9ceaa2d"
        source="4189"
        target="4197">
      <archimateRelationship
          xsi:type="archimate:ServingRelationship"
          href="ServingRelationship_f19393d1.xml#f19393d1"/>
    </sourceConnections>
    <bounds
        x="210"
        y="74"
        width="20"
        height="27"/>
    <archimateElement
        xsi:type="archimate:BusinessInterface"
        href="BusinessInterface_1536.xml#1536"/>
  </children>
</archimate:ArchimateDiagramModel>
