<archimate:ArchimateDiagramModel
    xmlns:xsi="http://www.w3.org/2001/XMLSchema-instance"
    xmlns:archimate="http://www.archimatetool.com/archimate"
    name="Business Process View"
    id="3761"
    viewpoint="8">
  <children
      xsi:type="archimate:DiagramModelArchimateObject"
      id="3788"
      targetConnections="3806 3811">
    <sourceConnections
        xsi:type="archimate:DiagramModelArchimateConnection"
        id="d8a3a65d"
        source="3788"
        target="3783">
      <bendpoints
          startX="-180"
          endY="239"/>
      <archimateRelationship
          xsi:type="archimate:TriggeringRelationship"
          href="TriggeringRelationship_95f13189.xml#95f13189"/>
    </sourceConnections>
    <bounds
        x="200"
        y="663"
        width="120"
        height="60"/>
    <archimateElement
        xsi:type="archimate:BusinessRole"
        href="BusinessRole_521.xml#521"/>
  </children>
  <children
      xsi:type="archimate:DiagramModelArchimateObject"
      id="3782"
      fillColor="#ffff80">
    <sourceConnections
        xsi:type="archimate:DiagramModelArchimateConnection"
        id="3815"
        source="3782"
        target="3779">
      <archimateRelationship
          xsi:type="archimate:TriggeringRelationship"
          href="TriggeringRelationship_655.xml#655"/>
    </sourceConnections>
    <bounds
        x="20"
        y="184"
        width="120"
        height="40"/>
    <archimateElement
        xsi:type="archimate:BusinessEvent"
        href="BusinessEvent_651.xml#651"/>
  </children>
  <children
      xsi:type="archimate:DiagramModelArchimateObject"
      id="3786"
      targetConnections="3816 3800 e43d33f7"
      fillColor="#0080ff">
    <bounds
        x="190"
        y="310"
        width="120"
        height="55"/>
    <archimateElement
        xsi:type="archimate:BusinessObject"
        href="BusinessObject_674.xml#674"/>
  </children>
  <children
      xsi:type="archimate:DiagramModelArchimateObject"
      id="3787"
      targetConnections="3804 3802 3803 3801"
      fillColor="#0080ff">
    <bounds
        x="360"
        y="24"
        width="100"
        height="50"/>
    <archimateElement
        xsi:type="archimate:BusinessObject"
        href="BusinessObject_673.xml#673"/>
  </children>
  <children
      xsi:type="archimate:DiagramModelArchimateObject"
      id="3789">
    <sourceConnections
        xsi:type="archimate:DiagramModelArchimateConnection"
        id="3810"
        source="3789"
        target="3791">
      <bendpoints
          startX="-83"
          startY="-150"
          endX="160"
          endY="-1"/>
      <archimateRelationship
          xsi:type="archimate:AggregationRelationship"
          href="AggregationRelationship_764.xml#764"/>
    </sourceConnections>
    <sourceConnections
        xsi:type="archimate:DiagramModelArchimateConnection"
        id="3809"
        source="3789"
        target="3792">
      <bendpoints
          startX="-106"
          startY="-59"
          endX="147"/>
      <archimateRelationship
          xsi:type="archimate:AggregationRelationship"
          href="AggregationRelationship_762.xml#762"/>
    </sourceConnections>
    <sourceConnections
        xsi:type="archimate:DiagramModelArchimateConnection"
        id="3811"
        source="3789"
        target="3788">
      <archimateRelationship
          xsi:type="archimate:AggregationRelationship"
          href="AggregationRelationship_768.xml#768"/>
    </sourceConnections>
    <sourceConnections
        xsi:type="archimate:DiagramModelArchimateConnection"
        id="477489bb"
        source="3789"
        target="3775">
      <archimateRelationship
          xsi:type="archimate:AssignmentRelationship"
          href="AssignmentRelationship_4a214d41.xml#4a214d41"/>
    </sourceConnections>
    <bounds
        x="603"
        y="663"
        width="120"
        height="60"/>
    <archimateElement
        xsi:type="archimate:BusinessCollaboration"
        href="BusinessCollaboration_740.xml#740"/>
  </children>
  <children
      xsi:type="archimate:DiagramModelArchimateObject"
      id="3776"
      fillColor="#ffff80">
    <bounds
        x="170"
        y="154"
        width="660"
        height="90"/>
    <children
        xsi:type="archimate:DiagramModelArchimateObject"
        id="3778"
        targetConnections="3797">
      <sourceConnections
          xsi:type="archimate:DiagramModelArchimateConnection"
          id="3816"
          source="3778"
          target="3786">
        <archimateRelationship
            xsi:type="archimate:AccessRelationship"
            href="AccessRelationship_695.xml#695"/>
      </sourceConnections>
      <sourceConnections
          xsi:type="archimate:DiagramModelArchimateConnection"
          id="3802"
          source="3778"
          target="3787">
        <archimateRelationship
            xsi:type="archimate:AccessRelationship"
            href="AccessRelationship_704.xml#704"/>
      </sourceConnections>
      <sourceConnections
          xsi:type="archimate:DiagramModelArchimateConnection"
          id="3817"
          source="3778"
          target="3785">
        <archimateRelationship
            xsi:type="archimate:AccessRelationship"
            href="AccessRelationship_706.xml#706"/>
      </sourceConnections>
      <sourceConnections
          xsi:type="archimate:DiagramModelArchimateConnection"
          id="3798"
          source="3778"
          target="3781">
        <archimateRelationship
            xsi:type="archimate:TriggeringRelationship"
            href="TriggeringRelationship_659.xml#659"/>
      </sourceConnections>
      <bounds
          x="180"
          y="20"
          width="120"
          height="60"/>
      <archimateElement
          xsi:type="archimate:BusinessProcess"
          href="BusinessProcess_572.xml#572"/>
    </children>
    <children
        xsi:type="archimate:DiagramModelArchimateObject"
        id="3779"
        targetConnections="3815">
      <sourceConnections
          xsi:type="archimate:DiagramModelArchimateConnection"
          id="3800"
          source="3779"
          target="3786">
        <archimateRelationship
            xsi:type="archimate:AccessRelationship"
            href="AccessRelationship_693.xml#693"/>
      </sourceConnections>
      <sourceConnections
          xsi:type="archimate:DiagramModelArchimateConnection"
          id="3797"
          source="3779"
          target="3778">
        <archimateRelationship
            xsi:type="archimate:TriggeringRelationship"
            href="TriggeringRelationship_657.xml#657"/>
      </sourceConnections>
      <sourceConnections
          xsi:type="archimate:DiagramModelArchimateConnection"
          id="3801"
          source="3779"
          target="3787">
        <archimateRelationship
            xsi:type="archimate:AccessRelationship"
            href="AccessRelationship_697.xml#697"/>
      </sourceConnections>
      <bounds
          x="20"
          y="20"
          width="120"
          height="60"/>
      <archimateElement
          xsi:type="archimate:BusinessProcess"
          href="BusinessProcess_564.xml#564"/>
    </children>
    <children
        xsi:type="archimate:DiagramModelArchimateObject"
        id="3781"
        targetConnections="3798">
      <sourceConnections
          xsi:type="archimate:DiagramModelArchimateConnection"
          id="3803"
          source="3781"
          target="3787">
        <archimateRelationship
            xsi:type="archimate:AccessRelationship"
            href="AccessRelationship_708.xml#708"/>
      </sourceConnections>
      <sourceConnections
          xsi:type="archimate:DiagramModelArchimateConnection"
          id="3799"
          source="3781"
          target="3780">
        <archimateRelationship
            xsi:type="archimate:TriggeringRelationship"
            href="TriggeringRelationship_661.xml#661"/>
      </sourceConnections>
      <bounds
          x="350"
          y="20"
          width="120"
          height="60"/>
      <archimateElement
          xsi:type="archimate:BusinessProcess"
          href="BusinessProcess_580.xml#580"/>
    </children>
    <children
        xsi:type="archimate:DiagramModelArchimateObject"
        id="3780"
        targetConnections="3799">
      <sourceConnections
          xsi:type="archimate:DiagramModelArchimateConnection"
          id="e43d33f7"
          source="3780"
          target="3786">
        <archimateRelationship
            xsi:type="archimate:AccessRelationship"
            href="AccessRelationship_90702769.xml#90702769"/>
      </sourceConnections>
      <sourceConnections
          xsi:type="archimate:DiagramModelArchimateConnection"
          id="0ee6c08f"
          source="3780"
          target="e1dfdab4">
        <archimateRelationship
            xsi:type="archimate:AccessRelationship"
            href="AccessRelationship_90702769.xml#90702769"/>
      </sourceConnections>
      <bounds
          x="510"
          y="20"
          width="120"
          height="60"/>
      <archimateElement
          xsi:type="archimate:BusinessProcess"
          href="BusinessProcess_588.xml#588"/>
    </children>
    <archimateElement
        xsi:type="archimate:BusinessProcess"
        href="BusinessProcess_556.xml#556"/>
  </children>
  <children
      xsi:type="archimate:DiagramModelArchimateObject"
      id="3791"
      targetConnections="3810 3807">
    <sourceConnections
        xsi:type="archimate:DiagramModelArchimateConnection"
        id="3818"
        source="3791"
        target="3772">
      <archimateRelationship
          xsi:type="archimate:AssignmentRelationship"
          href="AssignmentRelationship_774.xml#774"/>
    </sourceConnections>
    <bounds
        x="414"
        y="514"
        width="120"
        height="60"/>
    <archimateElement
        xsi:type="archimate:BusinessRole"
        href="BusinessRole_514.xml#514"/>
  </children>
  <children
      xsi:type="archimate:DiagramModelArchimateObject"
      id="3792"
      targetConnections="3809 3808">
    <bounds
        x="350"
        y="604"
        width="120"
        height="60"/>
    <archimateElement
        xsi:type="archimate:BusinessRole"
        href="BusinessRole_507.xml#507"/>
  </children>
  <children
      xsi:type="archimate:DiagramModelArchimateObject"
      id="3783"
      targetConnections="d8a3a65d"
      fillColor="#ffff80">
    <sourceConnections
        xsi:type="archimate:DiagramModelArchimateConnection"
        id="3805"
        source="3783"
        target="3774">
      <archimateRelationship
          xsi:type="archimate:TriggeringRelationship"
          href="TriggeringRelationship_732.xml#732"/>
    </sourceConnections>
    <bounds
        x="20"
        y="424"
        width="120"
        height="60"/>
    <archimateElement
        xsi:type="archimate:BusinessEvent"
        href="BusinessEvent_650.xml#650"/>
  </children>
  <children
      xsi:type="archimate:DiagramModelArchimateObject"
      id="3784"
      fillColor="#ffff80">
    <sourceConnections
        xsi:type="archimate:DiagramModelArchimateConnection"
        id="3804"
        source="3784"
        target="3787">
      <archimateRelationship
          xsi:type="archimate:RealizationRelationship"
          href="RealizationRelationship_718.xml#718"/>
    </sourceConnections>
    <bounds
        x="180"
        y="24"
        width="80"
        height="50"/>
    <archimateElement
        xsi:type="archimate:Representation"
        href="Representation_676.xml#676"/>
  </children>
  <children
      xsi:type="archimate:DiagramModelArchimateObject"
      id="3770"
      fillColor="#ffff80">
    <bounds
        x="170"
        y="394"
        width="587"
        height="100"/>
    <children
        xsi:type="archimate:DiagramModelArchimateObject"
        id="3772"
        targetConnections="3794 3818">
      <sourceConnections
          xsi:type="archimate:DiagramModelArchimateConnection"
          id="cc6af80f"
          source="3772"
          target="3775">
        <archimateRelationship
            xsi:type="archimate:TriggeringRelationship"
            href="TriggeringRelationship_2d89d4e7.xml#2d89d4e7"/>
      </sourceConnections>
      <bounds
          x="240"
          y="30"
          width="129"
          height="60"/>
      <archimateElement
          xsi:type="archimate:BusinessProcess"
          href="BusinessProcess_612.xml#612"/>
    </children>
    <children
        xsi:type="archimate:DiagramModelArchimateObject"
        id="3775"
        targetConnections="cc6af80f 477489bb">
      <bounds
          x="432"
          y="30"
          width="120"
          height="60"/>
      <archimateElement
          xsi:type="archimate:BusinessInteraction"
          href="BusinessInteraction_722.xml#722"/>
    </children>
    <children
        xsi:type="archimate:DiagramModelArchimateObject"
        id="3774"
        targetConnections="3805 3820">
      <sourceConnections
          xsi:type="archimate:DiagramModelArchimateConnection"
          id="3794"
          source="3774"
          target="3772">
        <archimateRelationship
            xsi:type="archimate:TriggeringRelationship"
            href="TriggeringRelationship_728.xml#728"/>
      </sourceConnections>
      <bounds
          x="15"
          y="30"
          width="150"
          height="60"/>
      <archimateElement
          xsi:type="archimate:BusinessInteraction"
          href="BusinessInteraction_721.xml#721"/>
    </children>
    <archimateElement
        xsi:type="archimate:BusinessProcess"
        href="BusinessProcess_596.xml#596"/>
  </children>
  <children
      xsi:type="archimate:DiagramModelArchimateObject"
      id="3785"
      targetConnections="3817"
      fillColor="#0080ff">
    <bounds
        x="408"
        y="310"
        width="120"
        height="55"/>
    <archimateElement
        xsi:type="archimate:BusinessObject"
        href="BusinessObject_675.xml#675"/>
  </children>
  <children
      xsi:type="archimate:DiagramModelArchimateObject"
      id="3790">
    <sourceConnections
        xsi:type="archimate:DiagramModelArchimateConnection"
        id="3806"
        source="3790"
        target="3788">
      <archimateRelationship
          xsi:type="archimate:AggregationRelationship"
          href="AggregationRelationship_756.xml#756"/>
    </sourceConnections>
    <sourceConnections
        xsi:type="archimate:DiagramModelArchimateConnection"
        id="3820"
        source="3790"
        target="3774">
      <archimateRelationship
          xsi:type="archimate:AssignmentRelationship"
          href="AssignmentRelationship_772.xml#772"/>
    </sourceConnections>
    <sourceConnections
        xsi:type="archimate:DiagramModelArchimateConnection"
        id="3808"
        source="3790"
        target="3792">
      <bendpoints
          startX="131"
          startY="26"
          endX="-19"
          endY="-64"/>
      <archimateRelationship
          xsi:type="archimate:AggregationRelationship"
          href="AggregationRelationship_760.xml#760"/>
    </sourceConnections>
    <sourceConnections
        xsi:type="archimate:DiagramModelArchimateConnection"
        id="3807"
        source="3790"
        target="3791">
      <archimateRelationship
          xsi:type="archimate:AggregationRelationship"
          href="AggregationRelationship_758.xml#758"/>
    </sourceConnections>
    <bounds
        x="190"
        y="514"
        width="140"
        height="60"/>
    <archimateElement
        xsi:type="archimate:BusinessCollaboration"
        href="BusinessCollaboration_733.xml#733"/>
  </children>
  <children
      xsi:type="archimate:DiagramModelArchimateObject"
      id="e1dfdab4"
      targetConnections="0ee6c08f">
    <bounds
        x="680"
        y="302"
        width="120"
        height="55"/>
    <archimateElement
        xsi:type="archimate:BusinessObject"
        href="BusinessObject_674.xml#674"/>
  </children>
</archimate:ArchimateDiagramModel>
