<archimate:ArchimateDiagramModel
    xmlns:xsi="http://www.w3.org/2001/XMLSchema-instance"
    xmlns:archimate="http://www.archimatetool.com/archimate"
    name="Layered View"
    id="4056"
    viewpoint="14">
  <children
      xsi:type="archimate:DiagramModelGroup"
      id="4096"
      name="External Application Services"
      fillColor="#e1e1e1">
    <bounds
        x="20"
        y="510"
        width="710"
        height="120"/>
    <children
        xsi:type="archimate:DiagramModelArchimateObject"
        id="4103"
        targetConnections="4155"
        fillColor="#0080c0">
      <sourceConnections
          xsi:type="archimate:DiagramModelArchimateConnection"
          id="4153"
          source="4103"
          target="4090">
        <archimateRelationship
            xsi:type="archimate:ServingRelationship"
            href="ServingRelationship_1446.xml#1446"/>
      </sourceConnections>
      <bounds
          x="264"
          y="43"
          width="133"
          height="60"/>
      <archimateElement
          xsi:type="archimate:BusinessService"
          href="BusinessService_1220.xml#1220"/>
    </children>
    <children
        xsi:type="archimate:DiagramModelArchimateObject"
        id="4104"
        targetConnections="4164"
        fillColor="#0080c0">
      <sourceConnections
          xsi:type="archimate:DiagramModelArchimateConnection"
          id="4152"
          source="4104"
          target="4090">
        <archimateRelationship
            xsi:type="archimate:ServingRelationship"
            href="ServingRelationship_1444.xml#1444"/>
      </sourceConnections>
      <bounds
          x="20"
          y="43"
          width="101"
          height="60"/>
      <archimateElement
          xsi:type="archimate:BusinessService"
          href="BusinessService_1196.xml#1196"/>
    </children>
    <children
        xsi:type="archimate:DiagramModelArchimateObject"
        id="4102"
        targetConnections="4163"
        fillColor="#0080c0">
      <sourceConnections
          xsi:type="archimate:DiagramModelArchimateConnection"
          id="4154"
          source="4102"
          target="4093">
        <archimateRelationship
            xsi:type="archimate:ServingRelationship"
            href="ServingRelationship_1448.xml#1448"/>
      </sourceConnections>
      <bounds
          x="540"
          y="43"
          width="90"
          height="60"/>
      <archimateElement
          xsi:type="archimate:BusinessService"
          href="BusinessService_1208.xml#1208"/>
    </children>
  </children>
  <children
      xsi:type="archimate:DiagramModelGroup"
      id="4116"
      name="External infrastructure services"
      fillColor="#cdcdcd">
    <bounds
        x="20"
        y="820"
        width="710"
        height="120"/>
    <children
        xsi:type="archimate:DiagramModelArchimateObject"
        id="4122"
        targetConnections="4157">
      <sourceConnections
          xsi:type="archimate:DiagramModelArchimateConnection"
          id="8428a542"
          source="4122"
          target="4112">
        <archimateRelationship
            xsi:type="archimate:ServingRelationship"
            href="ServingRelationship_40e2692a.xml#40e2692a"/>
      </sourceConnections>
      <sourceConnections
          xsi:type="archimate:DiagramModelArchimateConnection"
          id="18a78069"
          source="4122"
          target="4111">
        <archimateRelationship
            xsi:type="archimate:ServingRelationship"
            href="ServingRelationship_63eeca37.xml#63eeca37"/>
      </sourceConnections>
      <bounds
          x="40"
          y="43"
          width="100"
          height="40"/>
      <archimateElement
          xsi:type="archimate:TechnologyService"
          href="TechnologyService_1455.xml#1455"/>
    </children>
    <children
        xsi:type="archimate:DiagramModelArchimateObject"
        id="4123"
        targetConnections="4156">
      <sourceConnections
          xsi:type="archimate:DiagramModelArchimateConnection"
          id="b1203c4c"
          source="4123"
          target="4111">
        <archimateRelationship
            xsi:type="archimate:ServingRelationship"
            href="ServingRelationship_bc36ad29.xml#bc36ad29"/>
      </sourceConnections>
      <sourceConnections
          xsi:type="archimate:DiagramModelArchimateConnection"
          id="1d629940"
          source="4123"
          target="4113">
        <archimateRelationship
            xsi:type="archimate:ServingRelationship"
            href="ServingRelationship_776f61b0.xml#776f61b0"/>
      </sourceConnections>
      <bounds
          x="431"
          y="43"
          width="109"
          height="40"/>
      <archimateElement
          xsi:type="archimate:TechnologyService"
          href="TechnologyService_1462.xml#1462"/>
    </children>
  </children>
  <children
      xsi:type="archimate:DiagramModelGroup"
      id="4073"
      name="External Business Services"
      fillColor="#f5f5f5">
    <bounds
        x="20"
        y="170"
        width="710"
        height="130"/>
    <children
        xsi:type="archimate:DiagramModelArchimateObject"
        id="4081"
        targetConnections="4158"
        fillColor="#ffff80">
      <sourceConnections
          xsi:type="archimate:DiagramModelArchimateConnection"
          id="4151"
          source="4081"
          target="4072">
        <archimateRelationship
            xsi:type="archimate:ServingRelationship"
            href="ServingRelationship_1442.xml#1442"/>
      </sourceConnections>
      <bounds
          x="352"
          y="43"
          width="100"
          height="60"/>
      <archimateElement
          xsi:type="archimate:BusinessService"
          href="BusinessService_1226.xml#1226"/>
    </children>
    <children
        xsi:type="archimate:DiagramModelArchimateObject"
        id="4079"
        targetConnections="4159"
        fillColor="#ffff80">
      <sourceConnections
          xsi:type="archimate:DiagramModelArchimateConnection"
          id="4150"
          source="4079"
          target="4072">
        <archimateRelationship
            xsi:type="archimate:ServingRelationship"
            href="ServingRelationship_1438.xml#1438"/>
      </sourceConnections>
      <bounds
          x="20"
          y="43"
          width="103"
          height="60"/>
      <archimateElement
          xsi:type="archimate:BusinessService"
          href="BusinessService_1202.xml#1202"/>
    </children>
    <children
        xsi:type="archimate:DiagramModelArchimateObject"
        id="4080"
        targetConnections="4161"
        fillColor="#ffff80">
      <sourceConnections
          xsi:type="archimate:DiagramModelArchimateConnection"
          id="4160"
          source="4080"
          target="4072">
        <archimateRelationship
            xsi:type="archimate:ServingRelationship"
            href="ServingRelationship_1440.xml#1440"/>
      </sourceConnections>
      <bounds
          x="132"
          y="43"
          width="110"
          height="60"/>
      <archimateElement
          xsi:type="archimate:BusinessService"
          href="BusinessService_1214.xml#1214"/>
    </children>
  </children>
  <children
      xsi:type="archimate:DiagramModelGroup"
      id="4124"
      name="Infrastructure"
      fillColor="#c3c3c3">
    <bounds
        x="20"
        y="970"
        width="710"
        height="270"/>
    <children
        xsi:type="archimate:DiagramModelArchimateObject"
        id="4131"
        fillColor="#008040">
      <sourceConnections
          xsi:type="archimate:DiagramModelArchimateConnection"
          id="4157"
          source="4131"
          target="4122">
        <archimateRelationship
            xsi:type="archimate:RealizationRelationship"
            href="RealizationRelationship_1482.xml#1482"/>
      </sourceConnections>
      <bounds
          x="30"
          y="43"
          width="120"
          height="190"/>
      <children
          xsi:type="archimate:DiagramModelArchimateObject"
          id="4133">
        <bounds
            x="10"
            y="40"
            width="90"
            height="40"/>
        <archimateElement
            xsi:type="archimate:SystemSoftware"
            href="SystemSoftware_1022.xml#1022"/>
      </children>
      <children
          xsi:type="archimate:DiagramModelArchimateObject"
          id="4134">
        <bounds
            x="10"
            y="90"
            width="90"
            height="40"/>
        <archimateElement
            xsi:type="archimate:SystemSoftware"
            href="SystemSoftware_1016.xml#1016"/>
      </children>
      <children
          xsi:type="archimate:DiagramModelArchimateObject"
          id="4135">
        <bounds
            x="8"
            y="140"
            width="93"
            height="38"/>
        <archimateElement
            xsi:type="archimate:SystemSoftware"
            href="SystemSoftware_1010.xml#1010"/>
      </children>
      <archimateElement
          xsi:type="archimate:Node"
          href="Node_986.xml#986"/>
    </children>
    <children
        xsi:type="archimate:DiagramModelArchimateObject"
        id="4130">
      <sourceConnections
          xsi:type="archimate:DiagramModelArchimateConnection"
          id="4156"
          source="4130"
          target="4123">
        <archimateRelationship
            xsi:type="archimate:RealizationRelationship"
            href="RealizationRelationship_1480.xml#1480"/>
      </sourceConnections>
      <bounds
          x="440"
          y="113"
          width="90"
          height="50"/>
      <archimateElement
          xsi:type="archimate:Device"
          href="Device_1065.xml#1065"/>
    </children>
    <children
        xsi:type="archimate:DiagramModelArchimateObject"
        id="4136"
        fillColor="#008040">
      <bounds
          x="190"
          y="93"
          width="220"
          height="90"/>
      <children
          xsi:type="archimate:DiagramModelArchimateObject"
          id="4138">
        <bounds
            x="10"
            y="30"
            width="80"
            height="50"/>
        <archimateElement
            xsi:type="archimate:Device"
            href="Device_1053.xml#1053"/>
      </children>
      <children
          xsi:type="archimate:DiagramModelArchimateObject"
          id="4139">
        <bounds
            x="110"
            y="30"
            width="80"
            height="50"/>
        <archimateElement
            xsi:type="archimate:Device"
            href="Device_1059.xml#1059"/>
      </children>
      <archimateElement
          xsi:type="archimate:Node"
          href="Node_992.xml#992"/>
    </children>
  </children>
  <children
      xsi:type="archimate:DiagramModelGroup"
      id="4105"
      name="Application Components and Services"
      fillColor="#d7d7d7">
    <bounds
        x="20"
        y="660"
        width="710"
        height="130"/>
    <children
        xsi:type="archimate:DiagramModelArchimateObject"
        id="4115"
        targetConnections="4148"
        fillColor="#0080c0">
      <sourceConnections
          xsi:type="archimate:DiagramModelArchimateConnection"
          id="4149"
          source="4115"
          target="4113">
        <archimateRelationship
            xsi:type="archimate:ServingRelationship"
            href="ServingRelationship_1428.xml#1428"/>
      </sourceConnections>
      <bounds
          x="420"
          y="53"
          width="87"
          height="40"/>
      <archimateElement
          xsi:type="archimate:ApplicationService"
          href="ApplicationService_1414.xml#1414"/>
    </children>
    <children
        xsi:type="archimate:DiagramModelArchimateObject"
        id="4113"
        targetConnections="4149 1d629940">
      <sourceConnections
          xsi:type="archimate:DiagramModelArchimateConnection"
          id="4163"
          source="4113"
          target="4102">
        <archimateRelationship
            xsi:type="archimate:RealizationRelationship"
            href="RealizationRelationship_1454.xml#1454"/>
      </sourceConnections>
      <bounds
          x="530"
          y="43"
          width="110"
          height="60"/>
      <archimateElement
          xsi:type="archimate:ApplicationComponent"
          href="ApplicationComponent_1399.xml#1399"/>
    </children>
    <children
        xsi:type="archimate:DiagramModelArchimateObject"
        id="4112"
        targetConnections="8428a542">
      <sourceConnections
          xsi:type="archimate:DiagramModelArchimateConnection"
          id="4146"
          source="4112"
          target="4114">
        <archimateRelationship
            xsi:type="archimate:RealizationRelationship"
            href="RealizationRelationship_1422.xml#1422"/>
      </sourceConnections>
      <sourceConnections
          xsi:type="archimate:DiagramModelArchimateConnection"
          id="4164"
          source="4112"
          target="4104">
        <archimateRelationship
            xsi:type="archimate:RealizationRelationship"
            href="RealizationRelationship_1450.xml#1450"/>
      </sourceConnections>
      <bounds
          x="10"
          y="43"
          width="120"
          height="60"/>
      <archimateElement
          xsi:type="archimate:ApplicationComponent"
          href="ApplicationComponent_1393.xml#1393"/>
    </children>
    <children
        xsi:type="archimate:DiagramModelArchimateObject"
        id="4111"
        targetConnections="4147 18a78069 b1203c4c">
      <sourceConnections
          xsi:type="archimate:DiagramModelArchimateConnection"
          id="4148"
          source="4111"
          target="4115">
        <archimateRelationship
            xsi:type="archimate:RealizationRelationship"
            href="RealizationRelationship_1424.xml#1424"/>
      </sourceConnections>
      <sourceConnections
          xsi:type="archimate:DiagramModelArchimateConnection"
          id="4155"
          source="4111"
          target="4103">
        <archimateRelationship
            xsi:type="archimate:RealizationRelationship"
            href="RealizationRelationship_1452.xml#1452"/>
      </sourceConnections>
      <bounds
          x="270"
          y="43"
          width="120"
          height="60"/>
      <archimateElement
          xsi:type="archimate:ApplicationComponent"
          href="ApplicationComponent_861.xml#861"/>
    </children>
    <children
        xsi:type="archimate:DiagramModelArchimateObject"
        id="4114"
        targetConnections="4146"
        fillColor="#0080c0">
      <sourceConnections
          xsi:type="archimate:DiagramModelArchimateConnection"
          id="4147"
          source="4114"
          target="4111">
        <archimateRelationship
            xsi:type="archimate:ServingRelationship"
            href="ServingRelationship_1426.xml#1426"/>
      </sourceConnections>
      <bounds
          x="160"
          y="53"
          width="80"
          height="40"/>
      <archimateElement
          xsi:type="archimate:ApplicationService"
          href="ApplicationService_1407.xml#1407"/>
    </children>
  </children>
  <children
      xsi:type="archimate:DiagramModelGroup"
      id="4082"
      name="Business processes and internal actors / roles"
      fillColor="#ebebeb">
    <bounds
        x="20"
        y="330"
        width="710"
        height="150"/>
    <children
        xsi:type="archimate:DiagramModelArchimateObject"
        id="4094"
        targetConnections="4145"
        fillColor="#ff8080">
      <sourceConnections
          xsi:type="archimate:DiagramModelArchimateConnection"
          id="4144"
          source="4094"
          target="4088">
        <archimateRelationship
            xsi:type="archimate:AssignmentRelationship"
            href="AssignmentRelationship_1388.xml#1388"/>
      </sourceConnections>
      <bounds
          x="489"
          y="63"
          width="80"
          height="40"/>
      <archimateElement
          xsi:type="archimate:BusinessRole"
          href="BusinessRole_514.xml#514"/>
    </children>
    <children
        xsi:type="archimate:DiagramModelArchimateObject"
        id="4088"
        targetConnections="4144"
        fillColor="#80ff80">
      <bounds
          x="11"
          y="43"
          width="450"
          height="80"/>
      <children
          xsi:type="archimate:DiagramModelArchimateObject"
          id="4092"
          targetConnections="4142">
        <sourceConnections
            xsi:type="archimate:DiagramModelArchimateConnection"
            id="4143"
            source="4092"
            target="4093">
          <archimateRelationship
              xsi:type="archimate:TriggeringRelationship"
              href="TriggeringRelationship_661.xml#661"/>
        </sourceConnections>
        <bounds
            x="238"
            y="30"
            width="82"
            height="40"/>
        <archimateElement
            xsi:type="archimate:BusinessProcess"
            href="BusinessProcess_580.xml#580"/>
      </children>
      <children
          xsi:type="archimate:DiagramModelArchimateObject"
          id="4093"
          targetConnections="4154 4143">
        <sourceConnections
            xsi:type="archimate:DiagramModelArchimateConnection"
            id="4158"
            source="4093"
            target="4081">
          <archimateRelationship
              xsi:type="archimate:RealizationRelationship"
              href="RealizationRelationship_1434.xml#1434"/>
        </sourceConnections>
        <bounds
            x="340"
            y="30"
            width="100"
            height="40"/>
        <archimateElement
            xsi:type="archimate:BusinessProcess"
            href="BusinessProcess_588.xml#588"/>
      </children>
      <children
          xsi:type="archimate:DiagramModelArchimateObject"
          id="4090"
          targetConnections="4152 4153">
        <sourceConnections
            xsi:type="archimate:DiagramModelArchimateConnection"
            id="4141"
            source="4090"
            target="4091">
          <archimateRelationship
              xsi:type="archimate:TriggeringRelationship"
              href="TriggeringRelationship_657.xml#657"/>
        </sourceConnections>
        <sourceConnections
            xsi:type="archimate:DiagramModelArchimateConnection"
            id="4159"
            source="4090"
            target="4079">
          <archimateRelationship
              xsi:type="archimate:RealizationRelationship"
              href="RealizationRelationship_1430.xml#1430"/>
        </sourceConnections>
        <bounds
            x="10"
            y="30"
            width="100"
            height="40"/>
        <archimateElement
            xsi:type="archimate:BusinessProcess"
            href="BusinessProcess_564.xml#564"/>
      </children>
      <children
          xsi:type="archimate:DiagramModelArchimateObject"
          id="4091"
          targetConnections="4141">
        <sourceConnections
            xsi:type="archimate:DiagramModelArchimateConnection"
            id="4161"
            source="4091"
            target="4080">
          <archimateRelationship
              xsi:type="archimate:RealizationRelationship"
              href="RealizationRelationship_1432.xml#1432"/>
        </sourceConnections>
        <sourceConnections
            xsi:type="archimate:DiagramModelArchimateConnection"
            id="4142"
            source="4091"
            target="4092">
          <archimateRelationship
              xsi:type="archimate:TriggeringRelationship"
              href="TriggeringRelationship_659.xml#659"/>
        </sourceConnections>
        <bounds
            x="130"
            y="30"
            width="90"
            height="40"/>
        <archimateElement
            xsi:type="archimate:BusinessProcess"
            href="BusinessProcess_572.xml#572"/>
      </children>
      <archimateElement
          xsi:type="archimate:BusinessProcess"
          href="BusinessProcess_556.xml#556"/>
    </children>
    <children
        xsi:type="archimate:DiagramModelArchimateObject"
        id="4095"
        fillColor="#ff8080">
      <sourceConnections
          xsi:type="archimate:DiagramModelArchimateConnection"
          id="4145"
          source="4095"
          target="4094">
        <archimateRelationship
            xsi:type="archimate:AssignmentRelationship"
            href="AssignmentRelationship_1386.xml#1386"/>
      </sourceConnections>
      <bounds
          x="582"
          y="63"
          width="115"
          height="40"/>
      <archimateElement
          xsi:type="archimate:BusinessActor"
          href="BusinessActor_275.xml#275"/>
    </children>
  </children>
  <children
      xsi:type="archimate:DiagramModelGroup"
      id="4065"
      name="External Roles and Actors">
    <bounds
        x="20"
        y="20"
        width="710"
        height="120"/>
    <children
        xsi:type="archimate:DiagramModelArchimateObject"
        id="4072"
        targetConnections="4150 4151 4140 4160"
        fillColor="#ff8080">
      <bounds
          x="220"
          y="43"
          width="90"
          height="40"/>
      <archimateElement
          xsi:type="archimate:BusinessRole"
          href="BusinessRole_1368.xml#1368"/>
    </children>
    <children
        xsi:type="archimate:DiagramModelArchimateObject"
        id="4071"
        fillColor="#ff8080">
      <sourceConnections
          xsi:type="archimate:DiagramModelArchimateConnection"
          id="4140"
          source="4071"
          target="4072">
        <archimateRelationship
            xsi:type="archimate:AssignmentRelationship"
            href="AssignmentRelationship_1381.xml#1381"/>
      </sourceConnections>
      <bounds
          x="370"
          y="43"
          width="90"
          height="40"/>
      <archimateElement
          xsi:type="archimate:BusinessActor"
          href="BusinessActor_1337.xml#1337"/>
    </children>
  </children>
</archimate:ArchimateDiagramModel>
